device_id,hostname,os_type,os_version,ip_address,mac_address,owner_user_id,device_type,is_privileged,risk_score,created_at
DEV_00001,lap-0001,macOS,10.0. 4,192.168.71.220,80:59:38:0d:43:07,USR_0038,workstation,false,55,2025-04-04T16:27:53.421703
DEV_00002,lap-0002,Windows,10.0. 2,192.168.151.83,1a:40:d7:3a:20:f3,USR_0005,server,true,67,2024-11-28T16:27:53.421735
DEV_00003,lap-0003,macOS,11.0. 4,192.168.132.152,71:16:9a:ea:0f:1f,USR_0028,laptop,false,71,2024-10-18T16:27:53.421752
DEV_00004,lap-0004,Windows,11.0. 5,192.168.110.176,e3:25:29:a4:4b:21,USR_0028,server,true,26,2025-02-25T16:27:53.421765
DEV_00005,lap-0005,macOS,12.0. 5,192.168.160.163,a6:c3:96:e8:dc:32,USR_0150,server,true,24,2024-02-02T16:27:53.421779
DEV_00006,lap-0006,Linux,12.0. 1,192.168.167.225,dc:e7:74:d3:ad:e8,USR_0142,workstation,false,61,2024-10-04T16:27:53.421793
DEV_00007,lap-0007,Windows,11.0. 2,192.168.187.25,82:bf:4e:f2:22:2e,USR_0081,workstation,false,20,2025-08-30T16:27:53.421807
DEV_00008,lap-0008,Linux,10.0. 4,192.168.111.25,1e:a8:3e:d2:b5:d8,USR_0096,laptop,false,16,2025-02-12T16:27:53.421821
DEV_00009,lap-0009,macOS,10.0. 4,192.168.154.80,6c:4f:f6:72:37:b3,USR_0091,workstation,false,81,2024-11-22T16:27:53.421834
DEV_00010,lap-0010,Windows,12.0. 1,192.168.30.196,db:0d:88:0e:5c:8b,USR_0072,laptop,false,49,2024-12-21T16:27:53.421854
DEV_00011,lap-0011,Windows,10.0. 4,192.168.90.2,cd:23:48:0f:2e:6e,USR_0047,laptop,false,58,2024-09-30T16:27:53.421870
DEV_00012,lap-0012,Windows,11.0. 2,192.168.117.88,a6:2b:1a:4f:50:19,USR_0041,laptop,false,20,2025-02-28T16:27:53.421883
DEV_00013,lap-0013,macOS,11.0. 4,192.168.114.170,e2:d4:8b:6e:3a:b0,USR_0109,workstation,false,65,2025-08-12T16:27:53.421895
DEV_00014,lap-0014,Windows,12.0. 5,192.168.73.174,9d:17:70:ca:1c:03,USR_0125,laptop,false,36,2025-01-29T16:27:53.421908
DEV_00015,lap-0015,Windows,11.0. 2,192.168.243.55,a7:3d:03:fe:dc:59,USR_0036,workstation,false,26,2024-11-09T16:27:53.421920
DEV_00016,lap-0016,Linux,12.0. 4,192.168.137.181,b5:24:cb:15:df:09,USR_0059,laptop,false,68,2025-09-15T16:27:53.421932
DEV_00017,lap-0017,Windows,11.0. 4,192.168.221.81,cf:d5:94:3a:cf:0a,USR_0148,laptop,false,51,2025-06-11T16:27:53.421946
DEV_00018,lap-0018,Linux,12.0. 2,192.168.206.243,2d:df:36:7c:df:cd,USR_0118,laptop,false,77,2025-09-14T16:27:53.421959
DEV_00019,lap-0019,macOS,12.0. 2,192.168.102.223,71:aa:56:27:3a:63,USR_0080,workstation,false,54,2024-12-09T16:27:53.421972
DEV_00020,lap-0020,macOS,10.0. 0,192.168.187.246,4a:83:65:58:4e:26,USR_0038,laptop,false,32,2024-02-29T16:27:53.421988
DEV_00021,lap-0021,Windows,12.0. 3,192.168.127.119,a5:a1:4d:e1:22:f0,USR_0145,laptop,false,66,2024-02-26T16:27:53.422015
DEV_00022,lap-0022,Linux,12.0. 0,192.168.78.204,b4:25:9e:ec:e7:13,USR_0071,server,true,17,2024-11-21T16:27:53.422028
DEV_00023,lap-0023,Linux,12.0. 0,192.168.213.74,c4:ec:15:e6:60:a4,USR_0020,laptop,false,87,2024-08-03T16:27:53.422043
DEV_00024,lap-0024,macOS,11.0. 0,192.168.129.39,af:2b:58:14:7e:e0,USR_0016,laptop,false,66,2024-06-15T16:27:53.422056
DEV_00025,lap-0025,Linux,11.0. 2,192.168.134.157,90:c6:d1:ad:1a:ab,USR_0041,laptop,false,18,2024-12-31T16:27:53.422069
DEV_00026,lap-0026,Windows,11.0. 2,192.168.25.143,4c:aa:29:48:b3:9e,USR_0099,workstation,false,93,2024-01-25T16:27:53.422082
DEV_00027,lap-0027,Windows,11.0. 4,192.168.101.34,c0:a8:41:2f:d8:b9,USR_0022,workstation,false,12,2024-11-27T16:27:53.422096
DEV_00028,lap-0028,Linux,11.0. 3,192.168.80.47,62:73:46:4f:27:97,USR_0055,laptop,false,22,2024-07-02T16:27:53.422108
DEV_00029,lap-0029,Windows,10.0. 5,192.168.198.139,ac:43:c0:4e:53:5c,USR_0135,workstation,false,89,2025-06-17T16:27:53.422121
DEV_00030,lap-0030,Windows,11.0. 2,192.168.185.113,79:e3:91:e5:77:7a,USR_0012,workstation,false,49,2024-08-10T16:27:53.422137
DEV_00031,lap-0031,Linux,11.0. 5,192.168.232.214,e1:ec:90:c3:d6:52,USR_0050,iot,false,35,2024-03-24T16:27:53.422150
DEV_00032,lap-0032,macOS,10.0. 5,192.168.36.224,f6:be:34:3f:91:2a,USR_0065,workstation,false,30,2025-02-27T16:27:53.422163
DEV_00033,lap-0033,Linux,10.0. 3,192.168.116.232,2e:71:e6:b2:0d:d4,USR_0132,workstation,false,16,2024-10-24T16:27:53.422178
DEV_00034,lap-0034,Linux,11.0. 0,192.168.129.96,bf:72:0e:a3:32:ab,USR_0061,laptop,false,28,2025-07-16T16:27:53.422191
DEV_00035,lap-0035,Linux,12.0. 1,192.168.10.74,f0:e5:02:28:09:83,USR_0121,laptop,false,37,2025-07-03T16:27:53.422203
DEV_00036,lap-0036,Linux,11.0. 0,192.168.141.241,93:79:9a:3e:18:7a,USR_0136,laptop,false,63,2024-02-18T16:27:53.422216
DEV_00037,lap-0037,Linux,10.0. 0,192.168.204.160,ff:08:7b:49:95:db,USR_0118,laptop,false,10,2024-03-14T16:27:53.422228
DEV_00038,lap-0038,Windows,11.0. 1,192.168.91.62,2b:b8:22:0a:c7:f0,USR_0147,workstation,false,15,2024-02-22T16:27:53.422247
DEV_00039,lap-0039,Windows,11.0. 5,192.168.100.252,08:b6:22:b0:7b:35,USR_0096,workstation,false,84,2024-12-28T16:27:53.422260
DEV_00040,lap-0040,macOS,12.0. 2,192.168.35.12,59:ed:f5:5d:45:20,USR_0091,server,true,68,2025-10-27T16:27:53.422818
DEV_00041,lap-0041,Linux,10.0. 0,192.168.76.52,a1:9e:cb:f2:81:12,USR_0012,laptop,false,92,2025-05-22T16:27:53.422861
DEV_00042,lap-0042,Linux,12.0. 2,192.168.74.92,8b:3f:bc:df:cc:e1,USR_0013,laptop,false,59,2024-12-21T16:27:53.422879
DEV_00043,lap-0043,Linux,12.0. 3,192.168.250.48,bc:88:2a:d9:28:dc,USR_0128,laptop,false,87,2025-06-02T16:27:53.422895
DEV_00044,lap-0044,Windows,10.0. 0,192.168.140.76,a7:97:9c:e4:da:55,USR_0083,laptop,false,66,2024-12-09T16:27:53.422909
DEV_00045,lap-0045,Linux,12.0. 3,192.168.115.11,8c:1d:26:cf:ba:51,USR_0091,laptop,false,13,2025-07-10T16:27:53.422924
DEV_00046,lap-0046,Windows,10.0. 1,192.168.218.156,22:78:bb:b9:c4:10,USR_0113,laptop,false,87,2025-06-29T16:27:53.422937
DEV_00047,lap-0047,Windows,11.0. 3,192.168.174.116,27:46:bb:cb:a0:8e,USR_0095,laptop,false,41,2025-08-09T16:27:53.422950
DEV_00048,lap-0048,Windows,11.0. 4,192.168.7.189,c6:3c:86:85:e4:6d,USR_0048,server,true,88,2025-02-14T16:27:53.422964
DEV_00049,lap-0049,Windows,10.0. 0,192.168.178.235,45:25:e7:58:e3:2c,USR_0126,laptop,false,50,2024-01-20T16:27:53.422977
DEV_00050,lap-0050,Linux,12.0. 4,192.168.89.182,94:99:50:59:b9:72,USR_0017,laptop,false,25,2025-05-12T16:27:53.423027
DEV_00051,lap-0051,Linux,11.0. 0,192.168.203.36,b8:bc:ef:42:2c:21,USR_0061,laptop,false,49,2024-10-22T16:27:53.423052
DEV_00052,lap-0052,macOS,12.0. 3,192.168.184.185,d1:25:40:a2:25:e6,USR_0123,iot,false,69,2024-01-07T16:27:53.423074
DEV_00053,lap-0053,macOS,12.0. 5,192.168.133.89,5d:42:dd:1c:3f:4e,USR_0033,laptop,false,48,2025-06-18T16:27:53.423088
DEV_00054,lap-0054,macOS,11.0. 4,192.168.42.83,91:28:80:64:8c:40,USR_0058,workstation,false,90,2025-01-27T16:27:53.423110
DEV_00055,lap-0055,Windows,12.0. 5,192.168.158.137,56:4e:57:ac:15:0e,USR_0024,laptop,false,20,2025-10-18T16:27:53.423125
DEV_00056,lap-0056,Linux,11.0. 5,192.168.243.165,6b:d5:0f:fe:94:9a,USR_0148,laptop,false,71,2025-03-28T16:27:53.423139
DEV_00057,lap-0057,macOS,11.0. 3,192.168.207.207,25:1e:50:e1:d4:f7,USR_0104,workstation,false,69,2025-05-09T16:27:53.423152
DEV_00058,lap-0058,Windows,11.0. 5,192.168.88.156,a3:b0:cc:42:bd:36,USR_0037,laptop,false,50,2025-03-31T16:27:53.423172
DEV_00059,lap-0059,Linux,11.0. 1,192.168.120.32,48:31:19:94:c4:d6,USR_0069,laptop,false,41,2025-06-23T16:27:53.423185
DEV_00060,lap-0060,macOS,12.0. 2,192.168.209.84,61:51:ff:ef:ff:9d,USR_0148,server,true,73,2025-11-10T16:27:53.423203
DEV_00061,lap-0061,Linux,12.0. 3,192.168.24.242,7b:6e:b4:18:19:90,USR_0101,server,true,73,2024-04-01T16:27:53.423216
DEV_00062,lap-0062,Linux,11.0. 4,192.168.226.216,04:37:dc:44:87:bb,USR_0121,laptop,false,61,2024-11-24T16:27:53.423228
DEV_00063,lap-0063,macOS,12.0. 4,192.168.12.103,63:b9:93:25:c5:e6,USR_0014,server,true,80,2025-02-20T16:27:53.423241
DEV_00064,lap-0064,Linux,10.0. 0,192.168.212.254,c9:bf:ad:bb:49:65,USR_0031,laptop,false,87,2024-06-30T16:27:53.423255
DEV_00065,lap-0065,Linux,10.0. 0,192.168.103.129,46:aa:f2:e9:4c:47,USR_0011,iot,false,51,2024-03-16T16:27:53.423268
DEV_00066,lap-0066,Windows,12.0. 5,192.168.82.42,99:ac:fa:99:f3:08,USR_0101,laptop,false,57,2024-12-29T16:27:53.423289
DEV_00067,lap-0067,Linux,12.0. 2,192.168.173.29,0d:f2:87:74:1a:f5,USR_0107,workstation,false,31,2024-06-15T16:27:53.423303
DEV_00068,lap-0068,Windows,10.0. 5,192.168.162.185,7c:10:38:61:09:e1,USR_0098,iot,false,50,2024-10-01T16:27:53.423316
DEV_00069,lap-0069,Linux,11.0. 4,192.168.39.106,f1:1f:46:6a:a6:f4,USR_0053,iot,false,77,2024-11-13T16:27:53.423330
DEV_00070,lap-0070,macOS,11.0. 4,192.168.81.245,af:b5:87:f7:62:7e,USR_0045,laptop,false,45,2024-05-11T16:27:53.423347
DEV_00071,lap-0071,macOS,11.0. 5,192.168.77.58,6a:fa:a2:f5:b2:8c,USR_0077,server,true,46,2025-08-01T16:27:53.423360
DEV_00072,lap-0072,macOS,11.0. 3,192.168.147.174,b0:4a:94:15:93:28,USR_0140,laptop,false,54,2024-09-07T16:27:53.423373
DEV_00073,lap-0073,Linux,10.0. 1,192.168.168.66,8a:8b:46:37:7a:7c,USR_0123,laptop,false,16,2024-01-18T16:27:53.423385
DEV_00074,lap-0074,Linux,12.0. 1,192.168.232.136,1a:33:d3:a9:f1:33,USR_0058,iot,false,27,2025-11-28T16:27:53.423398
DEV_00075,lap-0075,Linux,11.0. 5,192.168.247.141,f3:f4:66:93:a4:92,USR_0041,laptop,false,92,2025-10-04T16:27:53.423413
DEV_00076,lap-0076,macOS,12.0. 4,192.168.233.197,76:13:59:d5:5a:12,USR_0023,laptop,false,60,2024-07-14T16:27:53.423427
DEV_00077,lap-0077,Linux,10.0. 0,192.168.48.240,98:36:ab:91:e8:fc,USR_0075,laptop,false,27,2024-07-05T16:27:53.423441
DEV_00078,lap-0078,Linux,10.0. 2,192.168.120.70,53:ea:83:5f:07:ac,USR_0050,workstation,false,47,2024-05-01T16:27:53.423458
DEV_00079,lap-0079,Linux,10.0. 4,192.168.173.194,cf:da:a7:2c:cd:30,USR_0050,laptop,false,33,2025-07-13T16:27:53.423472
DEV_00080,lap-0080,Windows,10.0. 2,192.168.123.83,c4:78:e4:88:a8:9a,USR_0064,laptop,false,84,2024-04-26T16:27:53.423486
DEV_00081,lap-0081,macOS,12.0. 1,192.168.3.67,1f:3c:ee:9d:51:cf,USR_0093,workstation,false,74,2025-01-19T16:27:53.423499
DEV_00082,lap-0082,Windows,11.0. 4,192.168.177.31,71:70:44:f4:4e:e8,USR_0076,workstation,false,87,2024-11-16T16:27:53.423512
DEV_00083,lap-0083,Linux,11.0. 4,192.168.107.180,6f:7e:29:e4:b9:27,USR_0141,laptop,false,82,2025-08-11T16:27:53.423525
DEV_00084,lap-0084,macOS,12.0. 1,192.168.16.213,4c:54:a7:e2:3b:69,USR_0141,workstation,false,84,2024-07-21T16:27:53.423538
DEV_00085,lap-0085,macOS,11.0. 0,192.168.24.231,e8:43:d4:e9:1d:ec,USR_0131,laptop,false,49,2025-11-11T16:27:53.423551
DEV_00086,lap-0086,macOS,12.0. 1,192.168.102.66,25:17:d8:b0:20:1e,USR_0001,laptop,false,18,2024-08-07T16:27:53.423564
DEV_00087,lap-0087,macOS,10.0. 1,192.168.9.74,d7:bf:c3:e5:c1:c0,USR_0105,laptop,false,20,2024-01-04T16:27:53.423578
DEV_00088,lap-0088,Windows,10.0. 5,192.168.247.170,b2:3c:5b:c9:41:72,USR_0139,laptop,false,10,2025-11-10T16:27:53.423591
DEV_00089,lap-0089,Windows,12.0. 5,192.168.251.77,d9:c2:75:7e:eb:b1,USR_0119,laptop,false,29,2025-02-24T16:27:53.423604
DEV_00090,lap-0090,Linux,10.0. 5,192.168.49.240,d6:08:7b:69:22:33,USR_0029,iot,false,86,2025-10-30T16:27:53.423623
DEV_00091,lap-0091,macOS,10.0. 5,192.168.115.154,16:cd:e0:77:6f:1c,USR_0013,laptop,false,27,2024-07-06T16:27:53.423637
DEV_00092,lap-0092,Windows,11.0. 4,192.168.75.60,a4:79:9a:49:71:d3,USR_0148,server,true,48,2025-02-25T16:27:53.423650
DEV_00093,lap-0093,macOS,12.0. 5,192.168.16.143,da:fd:18:b0:c3:a3,USR_0045,workstation,false,63,2024-10-11T16:27:53.423664
DEV_00094,lap-0094,Linux,10.0. 4,192.168.39.77,f2:7b:73:99:49:ed,USR_0097,laptop,false,17,2024-05-07T16:27:53.423678
DEV_00095,lap-0095,macOS,12.0. 4,192.168.106.248,44:c6:7c:82:68:a9,USR_0107,workstation,false,92,2025-09-14T16:27:53.423691
DEV_00096,lap-0096,Linux,10.0. 4,192.168.237.116,61:1a:89:c1:14:25,USR_0095,workstation,false,34,2024-04-11T16:27:53.423703
DEV_00097,lap-0097,Windows,10.0. 3,192.168.186.172,6a:aa:9b:07:6c:61,USR_0144,laptop,false,25,2024-07-31T16:27:53.423719
DEV_00098,lap-0098,macOS,11.0. 1,192.168.235.63,a4:90:c2:ee:b7:9d,USR_0053,server,true,43,2024-11-30T16:27:53.423733
DEV_00099,lap-0099,Windows,11.0. 0,192.168.132.226,f0:a3:68:bd:a0:d3,USR_0128,laptop,false,15,2024-05-06T16:27:53.423746
DEV_00100,lap-0100,Windows,10.0. 2,192.168.222.57,d5:97:4e:64:a8:75,USR_0038,iot,false,58,2024-04-29T16:27:53.423762
DEV_00101,lap-0101,macOS,12.0. 5,192.168.214.63,ac:83:fa:fb:eb:56,USR_0128,iot,false,55,2025-06-13T16:27:53.423776
DEV_00102,lap-0102,Linux,11.0. 1,192.168.36.185,1e:11:26:18:03:d3,USR_0140,workstation,false,27,2024-02-27T16:27:53.423789
DEV_00103,lap-0103,Windows,10.0. 1,192.168.60.18,e9:bf:1e:f7:f9:08,USR_0039,workstation,false,10,2024-06-07T16:27:53.423803
DEV_00104,lap-0104,macOS,10.0. 4,192.168.142.106,8c:92:08:dc:5b:36,USR_0004,workstation,false,22,2024-06-15T16:27:53.423816
DEV_00105,lap-0105,Linux,12.0. 4,192.168.39.62,81:b5:88:cb:28:bf,USR_0050,laptop,false,61,2024-08-20T16:27:53.423829
DEV_00106,lap-0106,macOS,11.0. 5,192.168.145.63,29:10:2f:cf:c2:c1,USR_0058,workstation,false,80,2024-08-03T16:27:53.423842
DEV_00107,lap-0107,Linux,12.0. 1,192.168.15.164,2a:ff:de:a9:30:15,USR_0003,laptop,false,39,2025-05-01T16:27:53.423857
DEV_00108,lap-0108,Windows,11.0. 2,192.168.231.223,17:26:8f:10:5b:a1,USR_0146,workstation,false,12,2025-05-05T16:27:53.423871
DEV_00109,lap-0109,Linux,10.0. 2,192.168.151.37,53:7b:c7:a9:c4:47,USR_0102,laptop,false,20,2024-07-09T16:27:53.423887
DEV_00110,lap-0110,Windows,10.0. 0,192.168.191.250,df:76:26:ae:cb:a7,USR_0089,workstation,false,13,2024-02-23T16:27:53.423912
DEV_00111,lap-0111,Linux,11.0. 1,192.168.70.201,b6:c0:dd:5f:c2:2b,USR_0116,workstation,false,89,2025-02-04T16:27:53.423927
DEV_00112,lap-0112,Windows,10.0. 2,192.168.205.64,4e:c2:4e:c7:a2:b8,USR_0019,laptop,false,23,2025-09-01T16:27:53.423940
DEV_00113,lap-0113,macOS,11.0. 2,192.168.2.242,8a:34:43:2c:5f:dc,USR_0079,laptop,false,67,2024-05-12T16:27:53.423953
DEV_00114,lap-0114,Linux,10.0. 0,192.168.143.132,2d:b5:2f:a6:c5:06,USR_0105,laptop,false,47,2024-10-06T16:27:53.423966
DEV_00115,lap-0115,Windows,12.0. 4,192.168.100.200,7c:56:c2:56:47:89,USR_0022,laptop,false,48,2025-03-04T16:27:53.423979
DEV_00116,lap-0116,macOS,10.0. 3,192.168.127.38,8d:d7:99:f7:27:b8,USR_0017,laptop,false,42,2025-03-26T16:27:53.423992
DEV_00117,lap-0117,macOS,12.0. 4,192.168.185.161,64:ea:36:45:9b:03,USR_0127,server,true,60,2024-12-28T16:27:53.424020
DEV_00118,lap-0118,Linux,11.0. 3,192.168.216.159,ab:dc:45:99:a4:66,USR_0098,server,true,71,2025-01-16T16:27:53.424041
DEV_00119,lap-0119,Linux,11.0. 2,192.168.46.247,fb:7c:a6:c0:8f:c9,USR_0102,laptop,false,56,2025-08-09T16:27:53.424056
DEV_00120,lap-0120,Windows,12.0. 4,192.168.239.145,5c:0d:ec:6b:e0:95,USR_0052,laptop,false,18,2024-10-11T16:27:53.424073
DEV_00121,lap-0121,macOS,12.0. 2,192.168.173.128,7b:81:4e:d8:c1:25,USR_0036,laptop,false,67,2024-03-31T16:27:53.424086
DEV_00122,lap-0122,macOS,12.0. 4,192.168.123.150,d6:12:b8:2b:37:7f,USR_0103,laptop,false,94,2024-01-23T16:27:53.424099
DEV_00123,lap-0123,Windows,12.0. 5,192.168.91.43,cc:a9:dc:36:05:32,USR_0012,workstation,false,43,2025-04-20T16:27:53.424113
DEV_00124,lap-0124,macOS,12.0. 4,192.168.131.192,71:e4:bf:c8:ed:4d,USR_0133,iot,false,54,2025-11-08T16:27:53.424126
DEV_00125,lap-0125,Windows,11.0. 0,192.168.124.27,3b:48:b2:9f:af:e9,USR_0076,laptop,false,36,2024-06-18T16:27:53.424139
DEV_00126,lap-0126,macOS,10.0. 3,192.168.124.90,e7:a3:22:99:16:3a,USR_0122,workstation,false,12,2024-12-17T16:27:53.424152
DEV_00127,lap-0127,Windows,12.0. 1,192.168.166.28,59:51:a9:da:ec:76,USR_0043,laptop,false,61,2024-02-28T16:27:53.424165
DEV_00128,lap-0128,Linux,11.0. 0,192.168.48.48,65:e6:db:c7:02:6d,USR_0111,workstation,false,36,2025-02-21T16:27:53.424178
DEV_00129,lap-0129,Windows,12.0. 0,192.168.193.181,5f:bb:a6:64:ea:3a,USR_0017,workstation,false,43,2024-01-17T16:27:53.424191
DEV_00130,lap-0130,Windows,12.0. 2,192.168.221.126,c6:c8:3a:b2:b4:ea,USR_0136,laptop,false,89,2025-06-10T16:27:53.424209
DEV_00131,lap-0131,macOS,12.0. 4,192.168.209.173,2b:44:a0:3c:7a:9c,USR_0077,laptop,false,24,2025-05-30T16:27:53.424222
DEV_00132,lap-0132,Windows,12.0. 3,192.168.96.178,d6:46:c4:d8:5f:f9,USR_0037,laptop,false,91,2024-06-01T16:27:53.424236
DEV_00133,lap-0133,macOS,12.0. 1,192.168.178.236,fa:93:47:5f:a1:e6,USR_0045,laptop,false,89,2025-10-10T16:27:53.424250
DEV_00134,lap-0134,Linux,11.0. 1,192.168.222.92,63:c4:fd:d1:fb:d4,USR_0003,server,true,66,2024-07-21T16:27:53.424264
DEV_00135,lap-0135,Linux,10.0. 1,192.168.43.22,95:10:8c:73:93:56,USR_0145,laptop,false,68,2024-05-03T16:27:53.424298
DEV_00136,lap-0136,Linux,12.0. 4,192.168.191.198,39:3a:89:bb:15:e1,USR_0127,laptop,false,79,2025-04-24T16:27:53.424313
DEV_00137,lap-0137,Linux,12.0. 5,192.168.254.109,7e:98:10:e6:86:b2,USR_0027,laptop,false,21,2024-09-10T16:27:53.424326
DEV_00138,lap-0138,macOS,10.0. 5,192.168.222.31,b3:db:54:47:69:69,USR_0061,workstation,false,17,2024-04-29T16:27:53.424340
DEV_00139,lap-0139,macOS,12.0. 4,192.168.90.137,56:a5:95:94:88:30,USR_0072,laptop,false,27,2024-10-08T16:27:53.424359
DEV_00140,lap-0140,Linux,12.0. 1,192.168.236.16,43:7f:4a:a4:7e:c9,USR_0071,laptop,false,72,2025-07-11T16:27:53.424377
DEV_00141,lap-0141,macOS,12.0. 3,192.168.148.162,c0:e7:26:2f:ce:8e,USR_0069,laptop,false,57,2024-08-25T16:27:53.424390
DEV_00142,lap-0142,macOS,12.0. 0,192.168.244.125,2f:ea:b7:20:cb:6f,USR_0084,workstation,false,64,2025-05-01T16:27:53.424404
DEV_00143,lap-0143,Windows,11.0. 2,192.168.127.69,42:f8:af:18:17:32,USR_0083,workstation,false,90,2024-08-20T16:27:53.424418
DEV_00144,lap-0144,Linux,11.0. 3,192.168.5.32,00:db:67:43:9a:51,USR_0041,workstation,false,45,2025-08-30T16:27:53.424432
DEV_00145,lap-0145,Windows,10.0. 2,192.168.168.93,54:1a:ca:9c:77:db,USR_0065,laptop,false,93,2025-09-01T16:27:53.424446
DEV_00146,lap-0146,macOS,10.0. 3,192.168.181.25,27:43:73:e3:04:04,USR_0001,server,true,53,2025-08-02T16:27:53.424459
DEV_00147,lap-0147,Windows,12.0. 1,192.168.253.221,f4:24:75:c4:2d:34,USR_0109,iot,false,23,2025-01-17T16:27:53.424472
DEV_00148,lap-0148,macOS,10.0. 3,192.168.95.226,44:49:23:04:54:e1,USR_0077,laptop,false,54,2025-04-29T16:27:53.424486
DEV_00149,lap-0149,Windows,11.0. 4,192.168.161.192,e2:6f:2c:33:47:3f,USR_0039,server,true,85,2024-11-05T16:27:53.424499
DEV_00150,lap-0150,macOS,11.0. 1,192.168.90.247,7e:8d:2b:7f:91:0d,USR_0110,laptop,false,94,2025-01-29T16:27:53.424517
DEV_00151,ws-0001,Windows,10.0. 5,192.168.53.133,c8:97:1b:7a:fd:c5,USR_0131,workstation,false,24,2025-04-01T16:27:53.424531
DEV_00152,ws-0002,Windows,12.0. 0,192.168.128.164,b8:a2:43:c6:d7:bb,USR_0019,workstation,false,79,2024-01-04T16:27:53.424545
DEV_00153,ws-0003,Linux,10.0. 0,192.168.45.196,22:07:86:6e:14:1e,USR_0121,laptop,false,60,2024-07-03T16:27:53.424559
DEV_00154,ws-0004,Linux,11.0. 3,192.168.74.161,cd:2a:4e:8e:2a:9e,USR_0129,workstation,false,20,2024-06-28T16:27:53.424572
DEV_00155,ws-0005,macOS,12.0. 2,192.168.236.53,c8:21:9e:df:7a:1d,USR_0040,laptop,false,41,2025-09-06T16:27:53.424586
DEV_00156,ws-0006,Linux,11.0. 4,192.168.237.112,1c:9e:59:3d:06:46,USR_0030,workstation,false,11,2025-06-19T16:27:53.424601
DEV_00157,ws-0007,Linux,12.0. 4,192.168.128.244,84:55:be:40:89:3c,USR_0089,workstation,false,13,2024-12-25T16:27:53.424615
DEV_00158,ws-0008,macOS,12.0. 0,192.168.207.110,86:27:fe:e9:b8:1c,USR_0070,laptop,false,73,2024-05-02T16:27:53.424630
DEV_00159,ws-0009,Linux,11.0. 0,192.168.43.95,3b:74:01:16:06:7d,USR_0041,laptop,false,15,2024-08-07T16:27:53.424645
DEV_00160,ws-0010,Windows,10.0. 0,192.168.94.99,d6:72:a4:7f:d5:a3,USR_0039,laptop,false,44,2025-09-15T16:27:53.424667
DEV_00161,ws-0011,macOS,12.0. 5,192.168.147.96,1a:5b:72:17:cd:23,USR_0031,laptop,false,69,2025-02-17T16:27:53.424680
DEV_00162,ws-0012,Windows,11.0. 0,192.168.199.217,e9:04:bc:66:95:9b,USR_0080,server,true,89,2025-03-30T16:27:53.424693
DEV_00163,ws-0013,macOS,10.0. 5,192.168.119.95,7d:4d:03:d1:0c:77,USR_0127,laptop,false,79,2024-12-14T16:27:53.424707
DEV_00164,ws-0014,Windows,11.0. 0,192.168.163.215,c0:9d:35:69:79:d6,USR_0003,server,true,72,2025-10-03T16:27:53.424721
DEV_00165,ws-0015,Linux,10.0. 0,192.168.249.37,76:d3:be:ea:2b:30,USR_0072,laptop,false,74,2025-07-20T16:27:53.424735
DEV_00166,ws-0016,Linux,10.0. 4,192.168.164.210,1f:de:42:79:95:85,USR_0101,workstation,false,50,2024-10-27T16:27:53.424748
DEV_00167,ws-0017,macOS,11.0. 3,192.168.180.213,8b:77:26:67:45:37,USR_0084,workstation,false,29,2025-08-17T16:27:53.424761
DEV_00168,ws-0018,Linux,11.0. 3,192.168.43.116,3d:b7:6a:e7:9d:ed,USR_0120,workstation,false,43,2025-08-03T16:27:53.424773
DEV_00169,ws-0019,Windows,12.0. 5,192.168.24.41,14:6e:a7:4b:2e:7f,USR_0078,laptop,false,55,2024-10-24T16:27:53.424788
DEV_00170,ws-0020,Linux,11.0. 1,192.168.132.13,0f:cf:e7:7f:30:ec,USR_0077,workstation,false,23,2025-07-13T16:27:53.424804
DEV_00171,ws-0021,macOS,10.0. 1,192.168.32.4,65:cd:be:2b:84:26,USR_0016,server,true,12,2025-09-28T16:27:53.424818
DEV_00172,ws-0022,Linux,10.0. 0,192.168.51.232,a9:3e:15:ec:19:56,USR_0114,laptop,false,83,2024-09-16T16:27:53.424831
DEV_00173,ws-0023,macOS,11.0. 0,192.168.211.186,c3:da:58:b5:6d:5f,USR_0102,laptop,false,45,2025-02-20T16:27:53.424844
DEV_00174,ws-0024,Linux,10.0. 4,192.168.115.227,7d:97:ff:d2:f5:1f,USR_0039,workstation,false,21,2025-02-20T16:27:53.424858
DEV_00175,ws-0025,Windows,10.0. 5,192.168.99.36,7f:09:c3:b7:f5:f8,USR_0108,workstation,false,54,2024-05-03T16:27:53.424872
DEV_00176,ws-0026,macOS,11.0. 1,192.168.129.83,0d:a3:70:0f:8f:1d,USR_0100,server,true,70,2024-06-09T16:27:53.424885
DEV_00177,ws-0027,Windows,10.0. 1,192.168.92.197,33:7e:7b:88:1c:70,USR_0150,laptop,false,83,2024-11-01T16:27:53.424899
DEV_00178,ws-0028,macOS,10.0. 1,192.168.91.240,a2:b7:0e:b4:48:60,USR_0045,iot,false,73,2024-05-27T16:27:53.424913
DEV_00179,ws-0029,Linux,10.0. 0,192.168.80.45,1c:77:70:0a:f4:00,USR_0126,workstation,false,52,2024-03-15T16:27:53.424926
DEV_00180,ws-0030,Linux,11.0. 5,192.168.52.207,5a:a5:1e:0b:4b:48,USR_0034,laptop,false,24,2024-06-13T16:27:53.424944
DEV_00181,ws-0031,Linux,11.0. 5,192.168.221.94,ca:33:ac:9a:a5:45,USR_0019,laptop,false,30,2024-09-12T16:27:53.424958
DEV_00182,ws-0032,Windows,12.0. 2,192.168.203.164,59:b6:72:59:c1:9d,USR_0125,workstation,false,47,2025-07-26T16:27:53.424975
DEV_00183,ws-0033,Windows,12.0. 4,192.168.46.187,c8:10:5d:a2:71:35,USR_0001,laptop,false,73,2025-07-12T16:27:53.424989
DEV_00184,ws-0034,Windows,10.0. 2,192.168.85.191,a3:55:2d:ab:e4:05,USR_0020,laptop,false,43,2025-05-03T16:27:53.425016
DEV_00185,ws-0035,Windows,11.0. 2,192.168.64.178,37:00:18:c5:e0:d6,USR_0018,laptop,false,31,2024-10-06T16:27:53.425031
DEV_00186,ws-0036,Windows,11.0. 4,192.168.127.226,c0:33:f5:73:53:e7,USR_0097,laptop,false,19,2025-10-30T16:27:53.425044
DEV_00187,ws-0037,macOS,11.0. 0,192.168.76.6,25:af:57:c0:52:26,USR_0082,laptop,false,80,2025-08-30T16:27:53.425057
DEV_00188,ws-0038,Windows,12.0. 0,192.168.87.153,dc:54:de:50:1b:33,USR_0124,laptop,false,52,2025-05-07T16:27:53.425070
DEV_00189,ws-0039,Linux,12.0. 4,192.168.250.49,87:90:98:79:31:19,USR_0105,iot,false,60,2024-04-27T16:27:53.425083
DEV_00190,ws-0040,macOS,10.0. 0,192.168.141.216,b8:01:da:2c:96:f5,USR_0126,workstation,false,35,2025-08-26T16:27:53.425100
DEV_00191,ws-0041,Windows,12.0. 2,192.168.7.53,29:f2:3b:9d:cb:f1,USR_0044,workstation,false,72,2024-01-27T16:27:53.425113
DEV_00192,ws-0042,Windows,11.0. 1,192.168.68.24,bd:c3:bd:5f:e4:16,USR_0140,workstation,false,43,2024-09-09T16:27:53.425140
DEV_00193,ws-0043,macOS,11.0. 4,192.168.120.68,1f:4d:31:2b:b0:d3,USR_0058,workstation,false,85,2025-04-15T16:27:53.425154
DEV_00194,ws-0044,Windows,12.0. 3,192.168.142.16,f3:78:f3:99:28:ca,USR_0100,laptop,false,14,2024-07-07T16:27:53.425167
DEV_00195,ws-0045,Linux,12.0. 5,192.168.147.231,4b:3d:e5:58:55:6c,USR_0133,laptop,false,34,2025-07-27T16:27:53.425180
DEV_00196,ws-0046,macOS,12.0. 3,192.168.11.109,67:4b:84:a3:22:2c,USR_0021,laptop,false,59,2024-05-13T16:27:53.425194
DEV_00197,ws-0047,Linux,11.0. 4,192.168.102.142,ea:06:d6:39:d4:4c,USR_0084,iot,false,28,2024-05-02T16:27:53.425207
DEV_00198,ws-0048,macOS,10.0. 4,192.168.151.150,33:92:b0:d2:87:c4,USR_0026,iot,false,93,2024-07-24T16:27:53.425221
DEV_00199,ws-0049,macOS,10.0. 1,192.168.147.156,8d:ce:49:cd:13:ca,USR_0122,laptop,false,52,2025-04-04T16:27:53.425234
DEV_00200,ws-0050,Linux,11.0. 2,192.168.13.191,0a:ac:9b:9f:8f:fb,USR_0122,laptop,false,22,2025-04-14T16:27:53.425284
DEV_00201,ws-0051,Windows,11.0. 2,192.168.35.77,d5:2d:60:e2:6c:d0,USR_0114,laptop,false,72,2024-06-23T16:27:53.425299
DEV_00202,ws-0052,Linux,12.0. 1,192.168.223.96,21:9f:ce:45:0e:58,USR_0015,laptop,false,34,2025-05-12T16:27:53.425313
DEV_00203,ws-0053,macOS,10.0. 3,192.168.215.15,19:b8:65:8c:bc:ed,USR_0064,laptop,false,74,2024-10-23T16:27:53.425330
DEV_00204,ws-0054,Windows,12.0. 0,192.168.163.237,7b:be:fa:e4:5a:f2,USR_0032,laptop,false,85,2024-05-18T16:27:53.425343
DEV_00205,ws-0055,Windows,11.0. 5,192.168.90.89,2e:91:0e:c5:19:53,USR_0042,laptop,false,83,2025-04-28T16:27:53.425356
DEV_00206,ws-0056,macOS,12.0. 1,192.168.220.57,89:d1:0a:04:f2:43,USR_0058,laptop,false,92,2025-06-09T16:27:53.425369
DEV_00207,ws-0057,macOS,10.0. 2,192.168.154.206,9c:8c:d8:c0:b2:eb,USR_0003,laptop,false,42,2025-04-24T16:27:53.425383
DEV_00208,ws-0058,macOS,12.0. 3,192.168.120.78,34:03:bf:90:98:37,USR_0134,workstation,false,71,2025-09-29T16:27:53.425396
DEV_00209,ws-0059,macOS,12.0. 2,192.168.87.254,8d:85:98:60:4c:7b,USR_0071,laptop,false,17,2024-03-29T16:27:53.425408
DEV_00210,ws-0060,Windows,12.0. 1,192.168.104.170,0d:fe:97:84:d6:cf,USR_0082,laptop,false,59,2025-10-28T16:27:53.425425
DEV_00211,ws-0061,Linux,10.0. 2,192.168.150.182,71:f3:b7:99:57:5c,USR_0147,server,true,47,2025-08-26T16:27:53.425442
DEV_00212,ws-0062,macOS,12.0. 4,192.168.121.33,5d:ab:2d:71:b5:72,USR_0067,iot,false,49,2024-09-29T16:27:53.425456
DEV_00213,ws-0063,Linux,11.0. 2,192.168.202.228,96:ed:3c:f0:1b:24,USR_0085,workstation,false,70,2025-05-18T16:27:53.425469
DEV_00214,ws-0064,macOS,12.0. 2,192.168.129.31,d3:1b:4d:46:66:af,USR_0098,laptop,false,62,2024-04-29T16:27:53.425481
DEV_00215,ws-0065,macOS,10.0. 2,192.168.229.233,5c:29:f9:aa:5a:a0,USR_0118,laptop,false,91,2025-10-05T16:27:53.425494
DEV_00216,ws-0066,Linux,10.0. 1,192.168.2.116,51:fa:2d:42:de:db,USR_0071,workstation,false,61,2024-09-20T16:27:53.425507
DEV_00217,ws-0067,macOS,10.0. 0,192.168.248.123,66:bf:07:a4:61:09,USR_0099,workstation,false,10,2024-03-02T16:27:53.425520
DEV_00218,ws-0068,macOS,12.0. 2,192.168.188.64,9f:42:34:c4:9c:55,USR_0058,server,true,18,2025-10-18T16:27:53.425532
DEV_00219,ws-0069,macOS,11.0. 5,192.168.77.243,ac:de:44:af:fa:b7,USR_0075,workstation,false,34,2025-06-18T16:27:53.425545
DEV_00220,ws-0070,Linux,10.0. 1,192.168.243.233,72:43:6c:0b:56:3f,USR_0104,laptop,false,56,2024-02-06T16:27:53.425561
DEV_00221,ws-0071,Windows,12.0. 2,192.168.203.10,18:18:37:0a:18:3b,USR_0097,laptop,false,63,2024-09-05T16:27:53.425574
DEV_00222,ws-0072,Windows,11.0. 3,192.168.98.32,4e:69:04:9a:d7:33,USR_0141,laptop,false,94,2024-06-19T16:27:53.425587
DEV_00223,ws-0073,macOS,11.0. 0,192.168.70.160,3c:90:3a:36:fe:65,USR_0036,workstation,false,87,2025-05-13T16:27:53.425600
DEV_00224,ws-0074,Windows,10.0. 2,192.168.200.68,d1:97:52:14:fe:6a,USR_0134,laptop,false,71,2024-12-30T16:27:53.425616
DEV_00225,ws-0075,macOS,12.0. 0,192.168.61.1,38:fc:4c:2e:26:33,USR_0004,iot,false,42,2024-02-13T16:27:53.425630
DEV_00226,ws-0076,Linux,11.0. 3,192.168.60.117,19:33:59:14:94:b8,USR_0076,workstation,false,50,2024-09-23T16:27:53.425642
DEV_00227,ws-0077,Windows,10.0. 0,192.168.190.30,46:57:a8:b7:e0:89,USR_0025,workstation,false,21,2024-11-17T16:27:53.425657
DEV_00228,ws-0078,Windows,10.0. 3,192.168.209.88,cc:e9:8b:c5:f4:d7,USR_0047,laptop,false,93,2025-06-16T16:27:53.425670
DEV_00229,ws-0079,Windows,10.0. 0,192.168.29.34,d5:f7:e0:5c:c2:b7,USR_0016,laptop,false,88,2025-11-04T16:27:53.425682
DEV_00230,ws-0080,Linux,11.0. 3,192.168.221.176,39:d2:e1:17:20:85,USR_0034,workstation,false,93,2025-01-16T16:27:53.425698
DEV_00231,ws-0081,Windows,12.0. 4,192.168.4.181,72:ad:30:dd:7f:f6,USR_0135,laptop,false,54,2024-01-24T16:27:53.425711
DEV_00232,ws-0082,macOS,10.0. 4,192.168.174.165,1b:05:50:f0:fd:54,USR_0099,laptop,false,19,2024-07-18T16:27:53.425724
DEV_00233,ws-0083,macOS,11.0. 0,192.168.83.62,72:c1:ce:78:28:eb,USR_0085,workstation,false,66,2024-04-26T16:27:53.425737
DEV_00234,ws-0084,macOS,11.0. 2,192.168.115.23,3c:fe:09:34:ce:d3,USR_0128,laptop,false,14,2024-05-12T16:27:53.425749
DEV_00235,ws-0085,Windows,12.0. 4,192.168.141.1,9b:69:e9:ae:ba:1b,USR_0024,workstation,false,38,2024-08-25T16:27:53.425763
DEV_00236,ws-0086,macOS,12.0. 5,192.168.85.144,ba:e7:3a:31:71:01,USR_0122,workstation,false,53,2024-12-05T16:27:53.425776
DEV_00237,ws-0087,Linux,12.0. 4,192.168.213.163,bf:36:17:54:fc:47,USR_0075,workstation,false,62,2025-08-16T16:27:53.425788
DEV_00238,ws-0088,Windows,10.0. 0,192.168.66.157,c9:6e:ea:61:ad:37,USR_0051,workstation,false,63,2025-10-17T16:27:53.425801
DEV_00239,ws-0089,Windows,11.0. 3,192.168.238.163,44:ff:02:18:dd:f7,USR_0032,laptop,false,75,2025-06-05T16:27:53.425815
DEV_00240,ws-0090,Linux,12.0. 1,192.168.178.149,35:c6:a4:c4:d6:7f,USR_0045,laptop,false,45,2024-10-22T16:27:53.425832
DEV_00241,ws-0091,macOS,11.0. 1,192.168.247.88,46:d3:99:a0:6f:66,USR_0076,iot,false,36,2024-03-04T16:27:53.425845
DEV_00242,ws-0092,Linux,12.0. 1,192.168.183.75,5b:a5:3b:b4:f5:d5,USR_0089,workstation,false,78,2025-02-14T16:27:53.425858
DEV_00243,ws-0093,macOS,10.0. 4,192.168.225.217,36:0c:c3:4a:1b:1c,USR_0109,workstation,false,35,2025-03-05T16:27:53.425871
DEV_00244,ws-0094,Windows,11.0. 5,192.168.193.202,80:4a:1f:97:68:10,USR_0042,workstation,false,55,2024-08-27T16:27:53.425885
DEV_00245,ws-0095,macOS,10.0. 5,192.168.27.158,c7:79:93:18:c3:c6,USR_0144,laptop,false,63,2025-01-17T16:27:53.425902
DEV_00246,ws-0096,macOS,10.0. 5,192.168.248.142,80:67:e2:73:bc:64,USR_0014,workstation,false,34,2025-02-05T16:27:53.425915
DEV_00247,ws-0097,Linux,10.0. 1,192.168.115.46,3d:c1:14:db:8e:87,USR_0020,laptop,false,26,2025-06-22T16:27:53.425928
DEV_00248,ws-0098,Linux,10.0. 2,192.168.150.217,ee:4f:14:4e:a5:1a,USR_0066,workstation,false,90,2024-03-13T16:27:53.425958
DEV_00249,ws-0099,macOS,11.0. 4,192.168.216.170,b7:25:a2:70:5e:22,USR_0078,laptop,false,74,2025-06-23T16:27:53.425972
DEV_00250,ws-0100,Linux,11.0. 0,192.168.107.140,b2:71:6d:a9:a9:b8,USR_0138,workstation,false,47,2025-04-24T16:27:53.425988
DEV_00251,srv-0001,Linux,11.0. 4,192.168.244.193,04:3a:b1:e4:7b:7c,USR_0136,workstation,false,15,2024-01-05T16:27:53.426014
DEV_00252,srv-0002,Windows,10.0. 3,192.168.227.83,83:90:0c:bf:e4:f9,USR_0098,laptop,false,15,2025-02-03T16:27:53.426028
DEV_00253,srv-0003,macOS,11.0. 4,192.168.230.167,2a:31:55:03:21:6b,USR_0050,laptop,false,95,2024-02-28T16:27:53.426042
DEV_00254,srv-0004,Linux,10.0. 1,192.168.199.55,de:24:4e:0c:eb:a9,USR_0109,workstation,false,14,2025-09-05T16:27:53.426056
DEV_00255,srv-0005,Windows,11.0. 4,192.168.19.14,24:74:84:d0:c6:e6,USR_0046,workstation,false,90,2024-10-15T16:27:53.426069
DEV_00256,srv-0006,Windows,11.0. 5,192.168.111.81,3c:03:20:17:25:b7,USR_0005,workstation,false,74,2025-08-17T16:27:53.426082
DEV_00257,srv-0007,Linux,12.0. 0,192.168.75.202,90:e0:c3:ca:0f:f2,USR_0078,laptop,false,30,2024-06-05T16:27:53.426095
DEV_00258,srv-0008,Windows,12.0. 2,192.168.57.35,49:98:bf:05:48:3f,USR_0101,laptop,false,15,2025-11-28T16:27:53.426109
DEV_00259,srv-0009,Linux,12.0. 4,192.168.147.153,2b:9c:6b:b0:6c:d3,USR_0101,workstation,false,92,2024-06-27T16:27:53.426122
DEV_00260,srv-0010,Linux,10.0. 4,192.168.37.42,81:63:3a:5c:1b:ec,USR_0048,laptop,false,92,2024-05-20T16:27:53.426140
DEV_00261,srv-0011,macOS,11.0. 0,192.168.19.75,65:f9:a9:b6:41:78,USR_0018,laptop,false,22,2025-02-15T16:27:53.426152
DEV_00262,srv-0012,macOS,11.0. 3,192.168.159.18,e6:a8:9c:4e:ba:a1,USR_0050,iot,false,64,2025-06-14T16:27:53.426169
DEV_00263,srv-0013,macOS,10.0. 5,192.168.2.81,df:8d:b8:44:a9:f5,USR_0064,server,true,69,2024-09-03T16:27:53.426182
DEV_00264,srv-0014,Windows,11.0. 4,192.168.92.199,37:59:29:8f:47:64,USR_0079,workstation,false,43,2024-03-02T16:27:53.426196
DEV_00265,srv-0015,macOS,10.0. 4,192.168.20.187,0f:cf:6c:12:85:f1,USR_0020,laptop,false,93,2025-07-04T16:27:53.426209
DEV_00266,srv-0016,Windows,12.0. 5,192.168.94.101,94:44:ed:2e:cb:ba,USR_0058,workstation,false,74,2025-11-23T16:27:53.426222
DEV_00267,srv-0017,macOS,12.0. 1,192.168.170.62,e4:51:5b:4a:f7:b7,USR_0043,server,true,15,2025-04-23T16:27:53.426241
DEV_00268,srv-0018,Windows,10.0. 2,192.168.195.125,bd:77:15:69:b8:c6,USR_0060,laptop,false,70,2024-08-25T16:27:53.426255
DEV_00269,srv-0019,macOS,12.0. 2,192.168.226.12,34:8c:86:59:c0:c1,USR_0011,laptop,false,56,2024-04-11T16:27:53.426268
DEV_00270,srv-0020,macOS,12.0. 2,192.168.168.230,c0:72:cf:b4:b0:f9,USR_0020,server,true,71,2024-03-25T16:27:53.426292
DEV_00271,srv-0021,Linux,11.0. 1,192.168.2.129,75:27:8f:6c:4c:5f,USR_0036,laptop,false,30,2024-11-28T16:27:53.426306
DEV_00272,srv-0022,macOS,12.0. 1,192.168.155.184,d4:a9:3a:f6:f5:f5,USR_0031,workstation,false,36,2024-04-08T16:27:53.426318
DEV_00273,srv-0023,Windows,10.0. 1,192.168.42.166,16:41:52:44:14:4b,USR_0106,workstation,false,17,2025-06-16T16:27:53.426330
DEV_00274,srv-0024,Windows,12.0. 3,192.168.67.237,09:91:2b:6e:e5:f1,USR_0047,workstation,false,71,2025-06-12T16:27:53.426343
DEV_00275,srv-0025,Linux,12.0. 1,192.168.57.213,5d:87:55:af:e8:23,USR_0106,workstation,false,39,2024-11-11T16:27:53.426356
DEV_00276,srv-0026,Linux,10.0. 1,192.168.99.34,d6:4c:31:5a:f3:13,USR_0028,laptop,false,78,2024-07-06T16:27:53.426370
DEV_00277,srv-0027,Windows,11.0. 5,192.168.193.31,42:00:dc:d7:bd:16,USR_0024,workstation,false,77,2024-09-20T16:27:53.426383
DEV_00278,srv-0028,Linux,11.0. 2,192.168.59.241,32:d9:44:82:f4:77,USR_0124,laptop,false,20,2025-02-16T16:27:53.426396
DEV_00279,srv-0029,Linux,11.0. 2,192.168.154.225,60:02:03:3c:03:c0,USR_0140,workstation,false,93,2025-05-07T16:27:53.426409
DEV_00280,srv-0030,Windows,11.0. 2,192.168.177.206,36:4f:da:81:85:d8,USR_0081,laptop,false,82,2024-11-24T16:27:53.426426
DEV_00281,iot-0001,macOS,10.0. 3,192.168.157.71,f7:5b:bd:f7:81:9d,USR_0102,laptop,false,83,2024-12-16T16:27:53.426440
DEV_00282,iot-0002,Windows,12.0. 1,192.168.199.181,3c:75:e4:52:33:6d,USR_0102,workstation,false,75,2024-10-19T16:27:53.426454
DEV_00283,iot-0003,macOS,12.0. 5,192.168.202.87,1a:52:c7:02:2e:4a,USR_0141,workstation,false,70,2024-03-29T16:27:53.426466
DEV_00284,iot-0004,Windows,11.0. 1,192.168.112.23,bd:28:13:c4:cd:92,USR_0017,workstation,false,86,2025-10-06T16:27:53.426479
DEV_00285,iot-0005,Windows,12.0. 3,192.168.243.199,e0:05:67:92:63:11,USR_0045,server,true,86,2024-06-29T16:27:53.426492
DEV_00286,iot-0006,Linux,12.0. 1,192.168.133.179,12:b8:7a:00:50:2c,USR_0060,iot,false,45,2024-10-20T16:27:53.426504
DEV_00287,iot-0007,Windows,11.0. 4,192.168.91.172,66:07:23:2e:91:b2,USR_0102,workstation,false,54,2025-02-23T16:27:53.426517
DEV_00288,iot-0008,Windows,11.0. 3,192.168.58.156,02:85:59:d0:36:25,USR_0050,workstation,false,74,2025-02-05T16:27:53.426534
DEV_00289,iot-0009,Windows,12.0. 2,192.168.88.243,80:e2:c1:f7:7c:ad,USR_0030,workstation,false,68,2024-01-06T16:27:53.426547
DEV_00290,iot-0010,Linux,11.0. 0,192.168.118.230,84:22:c3:70:75:a1,USR_0008,server,true,62,2024-12-07T16:27:53.426563
DEV_00291,iot-0011,Linux,12.0. 2,192.168.133.138,7f:93:2f:cc:af:26,USR_0003,workstation,false,80,2025-06-04T16:27:53.426575
DEV_00292,iot-0012,macOS,10.0. 4,192.168.122.81,89:5d:61:ff:66:78,USR_0091,laptop,false,40,2025-03-07T16:27:53.426589
DEV_00293,iot-0013,Linux,10.0. 4,192.168.53.59,b6:4f:36:3d:28:fc,USR_0052,server,true,88,2025-11-27T16:27:53.426601
DEV_00294,iot-0014,macOS,10.0. 3,192.168.196.220,be:a1:fc:8c:fb:5d,USR_0139,workstation,false,75,2025-02-20T16:27:53.426614
DEV_00295,iot-0015,Windows,10.0. 0,192.168.102.57,d8:f4:10:b1:c9:59,USR_0148,laptop,false,68,2025-08-02T16:27:53.426627
DEV_00296,iot-0016,Windows,11.0. 5,192.168.179.133,04:06:6b:c2:33:a6,USR_0118,laptop,false,56,2024-03-16T16:27:53.426639
DEV_00297,iot-0017,Linux,12.0. 2,192.168.221.67,79:89:f1:af:bb:5e,USR_0048,laptop,false,73,2024-09-25T16:27:53.426652
DEV_00298,iot-0018,macOS,11.0. 3,192.168.54.108,8f:e6:5c:43:75:33,USR_0096,server,true,44,2025-04-06T16:27:53.426664
