user_id,device_id,access_type,last_access
USR_0001,DEV_00132,guest,2026-01-01T08:27:53.832420
USR_0001,DEV_00090,guest,2025-12-30T06:27:53.832441
USR_0001,DEV_00228,owner,2025-12-29T19:27:53.832449
USR_0001,DEV_00289,guest,2025-12-30T02:27:53.832455
USR_0001,DEV_00036,guest,2025-12-27T23:27:53.832460
USR_0002,DEV_00270,user,2026-01-01T07:27:53.832475
USR_0002,DEV_00053,owner,2025-12-29T14:27:53.832481
USR_0002,DEV_00164,guest,2025-12-31T18:27:53.832486
USR_0002,DEV_00186,guest,2026-01-02T01:27:53.832490
USR_0002,DEV_00179,user,2025-12-31T07:27:53.832495
USR_0003,DEV_00073,owner,2026-01-01T01:27:53.832516
USR_0003,DEV_00036,guest,2025-12-27T06:27:53.832521
USR_0003,DEV_00161,guest,2025-12-30T21:27:53.832526
USR_0003,DEV_00088,owner,2026-01-02T00:27:53.832531
USR_0003,DEV_00132,owner,2025-12-30T14:27:53.832536
USR_0003,DEV_00255,user,2025-12-28T23:27:53.832541
USR_0003,DEV_00084,owner,2025-12-30T14:27:53.832546
USR_0003,DEV_00265,user,2025-12-31T06:27:53.832551
USR_0003,DEV_00185,user,2025-12-31T19:27:53.832555
USR_0004,DEV_00212,guest,2026-01-02T00:27:53.832569
USR_0004,DEV_00020,guest,2025-12-26T16:27:53.832574
USR_0004,DEV_00033,owner,2025-12-31T03:27:53.832579
USR_0004,DEV_00178,owner,2025-12-26T21:27:53.832584
USR_0004,DEV_00065,guest,2025-12-28T13:27:53.832589
USR_0004,DEV_00296,owner,2025-12-26T22:27:53.832603
USR_0004,DEV_00194,owner,2026-01-02T02:27:53.832607
USR_0004,DEV_00235,owner,2026-01-01T10:27:53.832612
USR_0005,DEV_00130,owner,2025-12-29T08:27:53.832628
USR_0005,DEV_00031,user,2025-12-28T05:27:53.832633
USR_0005,DEV_00055,guest,2025-12-27T21:27:53.832638
USR_0005,DEV_00279,user,2025-12-29T14:27:53.832642
USR_0005,DEV_00134,owner,2026-01-01T00:27:53.832647
USR_0005,DEV_00203,owner,2025-12-30T07:27:53.832652
USR_0005,DEV_00269,guest,2025-12-26T21:27:53.832657
USR_0005,DEV_00263,owner,2025-12-29T07:27:53.832661
USR_0005,DEV_00112,guest,2025-12-30T03:27:53.832666
USR_0005,DEV_00180,guest,2025-12-27T15:27:53.832670
USR_0006,DEV_00219,owner,2025-12-27T02:27:53.832680
USR_0006,DEV_00240,guest,2025-12-29T19:27:53.832685
USR_0006,DEV_00293,user,2025-12-30T11:27:53.832689
USR_0006,DEV_00058,guest,2025-12-28T11:27:53.832694
USR_0006,DEV_00122,user,2025-12-29T03:27:53.832698
USR_0007,DEV_00051,owner,2025-12-30T11:27:53.832710
USR_0007,DEV_00062,owner,2025-12-30T07:27:53.832715
USR_0007,DEV_00228,guest,2025-12-26T16:27:53.832719
USR_0007,DEV_00183,owner,2025-12-28T19:27:53.832724
USR_0007,DEV_00064,guest,2025-12-30T01:27:53.832728
USR_0007,DEV_00186,user,2026-01-02T02:27:53.832732
USR_0007,DEV_00086,guest,2026-01-01T16:27:53.832737
USR_0007,DEV_00275,guest,2025-12-27T06:27:53.832742
USR_0007,DEV_00069,user,2025-12-29T00:27:53.832746
USR_0007,DEV_00082,user,2025-12-29T01:27:53.832751
USR_0008,DEV_00053,guest,2026-01-01T01:27:53.832764
USR_0008,DEV_00085,user,2025-12-31T12:27:53.832769
USR_0008,DEV_00287,guest,2026-01-01T03:27:53.832774
USR_0008,DEV_00190,owner,2025-12-27T15:27:53.832778
USR_0008,DEV_00013,user,2025-12-26T22:27:53.832786
USR_0008,DEV_00201,guest,2025-12-31T18:27:53.832791
USR_0009,DEV_00108,guest,2025-12-28T05:27:53.832803
USR_0009,DEV_00088,user,2025-12-31T00:27:53.832808
USR_0009,DEV_00220,user,2025-12-26T16:27:53.832812
USR_0009,DEV_00210,guest,2025-12-31T16:27:53.832817
USR_0009,DEV_00188,guest,2025-12-30T08:27:53.832822
USR_0009,DEV_00141,owner,2025-12-30T11:27:53.832826
USR_0009,DEV_00029,guest,2025-12-30T02:27:53.832831
USR_0009,DEV_00138,user,2026-01-02T12:27:53.832836
USR_0010,DEV_00053,owner,2025-12-31T15:27:53.832847
USR_0010,DEV_00112,owner,2026-01-02T01:27:53.832852
USR_0010,DEV_00066,guest,2026-01-02T02:27:53.832856
USR_0010,DEV_00029,guest,2025-12-28T09:27:53.832861
USR_0010,DEV_00291,guest,2026-01-02T07:27:53.832865
USR_0010,DEV_00137,user,2025-12-30T08:27:53.832870
USR_0010,DEV_00036,guest,2025-12-28T00:27:53.832874
USR_0010,DEV_00035,owner,2025-12-29T20:27:53.832879
USR_0010,DEV_00256,user,2025-12-26T16:27:53.832884
USR_0010,DEV_00199,guest,2025-12-27T03:27:53.832889
USR_0011,DEV_00224,guest,2025-12-28T11:27:53.832901
USR_0011,DEV_00029,user,2025-12-29T16:27:53.832906
USR_0011,DEV_00172,guest,2025-12-30T06:27:53.832911
USR_0011,DEV_00072,guest,2025-12-30T18:27:53.832916
USR_0011,DEV_00019,owner,2025-12-30T00:27:53.832921
USR_0011,DEV_00003,user,2026-01-01T19:27:53.832926
USR_0011,DEV_00146,guest,2025-12-27T12:27:53.832930
USR_0011,DEV_00204,owner,2026-01-01T11:27:53.832935
USR_0011,DEV_00042,owner,2026-01-01T11:27:53.832940
USR_0011,DEV_00238,guest,2025-12-30T20:27:53.832944
USR_0012,DEV_00234,guest,2025-12-29T00:27:53.832954
USR_0012,DEV_00279,owner,2025-12-29T10:27:53.832959
USR_0012,DEV_00102,user,2026-01-01T09:27:53.832966
USR_0012,DEV_00110,owner,2025-12-30T01:27:53.832971
USR_0013,DEV_00003,owner,2025-12-30T11:27:53.832994
USR_0013,DEV_00068,guest,2025-12-29T20:27:53.832999
USR_0013,DEV_00117,user,2025-12-28T16:27:53.833016
USR_0013,DEV_00063,owner,2025-12-27T02:27:53.833021
USR_0013,DEV_00284,guest,2026-01-01T18:27:53.833026
USR_0013,DEV_00111,owner,2025-12-27T22:27:53.833030
USR_0013,DEV_00276,user,2025-12-27T17:27:53.833035
USR_0014,DEV_00263,owner,2025-12-28T09:27:53.833046
USR_0014,DEV_00246,user,2025-12-31T11:27:53.833051
USR_0014,DEV_00234,guest,2025-12-28T17:27:53.833055
USR_0014,DEV_00172,user,2026-01-01T17:27:53.833060
USR_0014,DEV_00269,user,2025-12-30T22:27:53.833065
USR_0014,DEV_00046,owner,2026-01-02T00:27:53.833069
USR_0014,DEV_00086,guest,2026-01-02T09:27:53.833074
USR_0014,DEV_00284,user,2025-12-27T04:27:53.833078
USR_0014,DEV_00061,owner,2025-12-29T14:27:53.833083
USR_0014,DEV_00036,user,2025-12-26T17:27:53.833087
USR_0015,DEV_00081,user,2025-12-29T07:27:53.833099
USR_0015,DEV_00041,user,2025-12-30T17:27:53.833103
USR_0015,DEV_00095,owner,2026-01-01T01:27:53.833108
USR_0015,DEV_00217,guest,2025-12-31T10:27:53.833113
USR_0015,DEV_00111,guest,2025-12-28T17:27:53.833117
USR_0015,DEV_00214,guest,2025-12-31T04:27:53.833122
USR_0015,DEV_00090,owner,2025-12-27T08:27:53.833126
USR_0015,DEV_00112,guest,2025-12-28T18:27:53.833134
USR_0015,DEV_00172,user,2026-01-02T10:27:53.833138
USR_0015,DEV_00091,guest,2026-01-02T02:27:53.833143
USR_0016,DEV_00228,user,2025-12-28T12:27:53.833152
USR_0016,DEV_00167,owner,2025-12-29T08:27:53.833157
USR_0016,DEV_00184,guest,2025-12-29T00:27:53.833165
USR_0016,DEV_00297,user,2026-01-02T06:27:53.833170
USR_0016,DEV_00141,guest,2025-12-27T17:27:53.833175
USR_0017,DEV_00250,user,2026-01-01T00:27:53.833185
USR_0017,DEV_00017,guest,2025-12-29T23:27:53.833190
USR_0017,DEV_00254,user,2025-12-29T20:27:53.833194
USR_0017,DEV_00131,owner,2025-12-30T17:27:53.833199
USR_0017,DEV_00232,owner,2025-12-28T05:27:53.833203
USR_0017,DEV_00284,guest,2026-01-02T12:27:53.833208
USR_0017,DEV_00003,user,2025-12-29T17:27:53.833212
USR_0017,DEV_00244,guest,2025-12-30T15:27:53.833217
USR_0018,DEV_00277,owner,2025-12-26T17:27:53.833229
USR_0018,DEV_00053,user,2026-01-01T08:27:53.833234
USR_0018,DEV_00225,owner,2025-12-27T00:27:53.833239
USR_0018,DEV_00148,guest,2025-12-30T10:27:53.833243
USR_0019,DEV_00188,owner,2025-12-27T04:27:53.833253
USR_0019,DEV_00106,user,2026-01-02T11:27:53.833258
USR_0019,DEV_00076,user,2025-12-31T22:27:53.833262
USR_0019,DEV_00134,guest,2025-12-28T02:27:53.833267
USR_0019,DEV_00091,owner,2025-12-29T21:27:53.833271
USR_0019,DEV_00275,owner,2025-12-27T12:27:53.833276
USR_0019,DEV_00245,guest,2026-01-01T10:27:53.833280
USR_0020,DEV_00024,owner,2025-12-26T22:27:53.833289
USR_0020,DEV_00224,owner,2025-12-29T10:27:53.833294
USR_0020,DEV_00038,user,2025-12-31T12:27:53.833298
USR_0020,DEV_00237,guest,2025-12-30T13:27:53.833304
USR_0021,DEV_00074,owner,2026-01-01T23:27:53.833312
USR_0021,DEV_00233,user,2025-12-27T05:27:53.833317
USR_0021,DEV_00155,user,2025-12-30T00:27:53.833322
USR_0022,DEV_00175,owner,2025-12-28T06:27:53.833331
USR_0022,DEV_00095,owner,2026-01-02T12:27:53.833336
USR_0022,DEV_00088,owner,2025-12-31T15:27:53.833340
USR_0022,DEV_00035,guest,2025-12-29T15:27:53.833350
USR_0022,DEV_00260,guest,2026-01-01T02:27:53.833354
USR_0023,DEV_00180,user,2025-12-27T09:27:53.833366
USR_0023,DEV_00046,owner,2025-12-28T22:27:53.833370
USR_0023,DEV_00124,guest,2025-12-29T01:27:53.833375
USR_0023,DEV_00159,guest,2025-12-26T18:27:53.833380
USR_0023,DEV_00117,user,2025-12-31T20:27:53.833384
USR_0023,DEV_00205,owner,2025-12-27T23:27:53.833389
USR_0023,DEV_00188,user,2025-12-29T05:27:53.833393
USR_0023,DEV_00031,owner,2025-12-31T02:27:53.833398
USR_0023,DEV_00109,owner,2025-12-26T20:27:53.833402
USR_0023,DEV_00245,user,2026-01-02T09:27:53.833406
USR_0024,DEV_00144,guest,2025-12-28T01:27:53.833415
USR_0024,DEV_00034,owner,2025-12-29T16:27:53.833419
USR_0024,DEV_00018,guest,2025-12-26T23:27:53.833424
USR_0024,DEV_00271,owner,2026-01-01T21:27:53.833429
USR_0025,DEV_00039,user,2025-12-31T06:27:53.833440
USR_0025,DEV_00272,owner,2025-12-27T00:27:53.833445
USR_0025,DEV_00128,owner,2025-12-31T15:27:53.833450
USR_0025,DEV_00264,guest,2026-01-02T16:27:53.833454
USR_0025,DEV_00269,user,2026-01-02T13:27:53.833459
USR_0025,DEV_00076,owner,2025-12-30T01:27:53.833463
USR_0025,DEV_00289,owner,2026-01-02T05:27:53.833469
USR_0025,DEV_00279,user,2025-12-28T16:27:53.833473
USR_0025,DEV_00074,user,2025-12-28T17:27:53.833478
USR_0025,DEV_00232,owner,2026-01-01T09:27:53.833482
USR_0026,DEV_00126,user,2025-12-30T16:27:53.833493
USR_0026,DEV_00044,owner,2026-01-01T16:27:53.833501
USR_0026,DEV_00006,guest,2025-12-31T00:27:53.833506
USR_0026,DEV_00075,guest,2026-01-02T16:27:53.833513
USR_0026,DEV_00262,guest,2025-12-27T19:27:53.833518
USR_0026,DEV_00184,owner,2025-12-29T05:27:53.833522
USR_0026,DEV_00248,owner,2026-01-01T14:27:53.833530
USR_0026,DEV_00101,user,2025-12-28T06:27:53.833534
USR_0026,DEV_00269,owner,2025-12-31T07:27:53.833539
USR_0027,DEV_00107,guest,2025-12-29T14:27:53.833547
USR_0027,DEV_00095,guest,2025-12-31T07:27:53.833552
USR_0027,DEV_00286,guest,2026-01-01T05:27:53.833556
USR_0027,DEV_00258,user,2025-12-27T22:27:53.833561
USR_0028,DEV_00167,user,2025-12-27T13:27:53.833569
USR_0028,DEV_00081,owner,2025-12-29T20:27:53.833573
USR_0028,DEV_00161,user,2025-12-27T21:27:53.833578
USR_0028,DEV_00221,guest,2025-12-28T16:27:53.833582
USR_0029,DEV_00039,user,2026-01-02T04:27:53.833592
USR_0029,DEV_00174,owner,2026-01-02T14:27:53.833597
USR_0029,DEV_00127,guest,2025-12-29T08:27:53.833602
USR_0029,DEV_00005,guest,2025-12-30T17:27:53.833606
USR_0029,DEV_00191,guest,2025-12-27T16:27:53.833611
USR_0029,DEV_00080,owner,2025-12-30T05:27:53.833615
USR_0029,DEV_00011,user,2025-12-29T14:27:53.833620
USR_0030,DEV_00218,guest,2025-12-31T09:27:53.833630
USR_0030,DEV_00115,guest,2025-12-29T00:27:53.833635
USR_0030,DEV_00206,owner,2026-01-02T00:27:53.833639
USR_0030,DEV_00040,guest,2025-12-29T05:27:53.833644
USR_0030,DEV_00230,owner,2025-12-28T04:27:53.833648
USR_0030,DEV_00029,user,2026-01-02T06:27:53.833653
USR_0031,DEV_00131,user,2025-12-30T12:27:53.833662
USR_0031,DEV_00181,user,2025-12-27T15:27:53.833667
USR_0031,DEV_00272,guest,2025-12-30T01:27:53.833671
USR_0031,DEV_00212,guest,2025-12-31T15:27:53.833676
USR_0031,DEV_00179,user,2026-01-02T11:27:53.833680
USR_0031,DEV_00209,user,2025-12-27T08:27:53.833685
USR_0032,DEV_00239,guest,2025-12-30T19:27:53.833696
USR_0032,DEV_00296,owner,2025-12-28T21:27:53.833700
USR_0032,DEV_00012,owner,2026-01-02T09:27:53.833705
USR_0032,DEV_00076,user,2025-12-26T16:27:53.833709
USR_0032,DEV_00032,guest,2025-12-30T06:27:53.833714
USR_0032,DEV_00075,user,2026-01-02T16:27:53.833719
USR_0032,DEV_00120,owner,2026-01-01T20:27:53.833723
USR_0032,DEV_00103,owner,2025-12-26T19:27:53.833728
USR_0032,DEV_00157,guest,2026-01-01T12:27:53.833732
USR_0032,DEV_00212,user,2025-12-30T06:27:53.833737
USR_0033,DEV_00021,owner,2025-12-29T02:27:53.833750
USR_0033,DEV_00236,owner,2025-12-28T13:27:53.833755
USR_0033,DEV_00144,guest,2025-12-29T07:27:53.833759
USR_0033,DEV_00180,guest,2025-12-31T09:27:53.833764
USR_0033,DEV_00199,owner,2025-12-30T00:27:53.833768
USR_0033,DEV_00123,user,2025-12-29T10:27:53.833785
USR_0033,DEV_00260,owner,2025-12-27T09:27:53.833789
USR_0034,DEV_00253,user,2025-12-27T17:27:53.833801
USR_0034,DEV_00277,guest,2025-12-30T10:27:53.833805
USR_0034,DEV_00040,user,2025-12-29T11:27:53.833812
USR_0034,DEV_00077,owner,2026-01-01T09:27:53.833818
USR_0034,DEV_00008,user,2025-12-30T14:27:53.833822
USR_0034,DEV_00224,guest,2025-12-28T03:27:53.833827
USR_0034,DEV_00207,owner,2025-12-27T01:27:53.833831
USR_0035,DEV_00067,owner,2025-12-28T11:27:53.833843
USR_0035,DEV_00249,user,2025-12-30T21:27:53.833847
USR_0035,DEV_00015,user,2025-12-27T21:27:53.833852
USR_0035,DEV_00178,user,2026-01-01T09:27:53.833857
USR_0035,DEV_00198,guest,2026-01-01T11:27:53.833861
USR_0035,DEV_00204,guest,2025-12-29T00:27:53.833868
USR_0035,DEV_00221,guest,2025-12-28T15:27:53.833873
USR_0035,DEV_00252,user,2025-12-28T23:27:53.833877
USR_0035,DEV_00034,guest,2025-12-29T06:27:53.833881
USR_0036,DEV_00227,user,2026-01-01T18:27:53.833892
USR_0036,DEV_00275,owner,2025-12-29T21:27:53.833897
USR_0036,DEV_00044,user,2025-12-31T20:27:53.833902
USR_0037,DEV_00250,owner,2025-12-27T00:27:53.833912
USR_0037,DEV_00078,user,2026-01-01T03:27:53.833916
USR_0037,DEV_00171,user,2025-12-28T11:27:53.833921
USR_0037,DEV_00270,user,2025-12-27T19:27:53.833925
USR_0037,DEV_00234,user,2025-12-27T10:27:53.833929
USR_0037,DEV_00249,owner,2025-12-28T04:27:53.833934
USR_0038,DEV_00264,owner,2025-12-26T20:27:53.833943
USR_0038,DEV_00059,owner,2025-12-30T17:27:53.833948
USR_0038,DEV_00022,guest,2025-12-29T15:27:53.833952
USR_0038,DEV_00237,owner,2025-12-29T13:27:53.833956
USR_0038,DEV_00228,user,2025-12-26T19:27:53.833961
USR_0038,DEV_00109,guest,2026-01-02T05:27:53.833965
USR_0039,DEV_00139,user,2025-12-28T22:27:53.834054
USR_0039,DEV_00293,guest,2026-01-01T04:27:53.834064
USR_0039,DEV_00132,user,2025-12-31T10:27:53.834068
USR_0039,DEV_00030,owner,2025-12-29T17:27:53.834073
USR_0039,DEV_00025,user,2025-12-26T17:27:53.834078
USR_0039,DEV_00063,user,2025-12-29T06:27:53.834082
USR_0040,DEV_00100,owner,2025-12-27T07:27:53.834095
USR_0040,DEV_00113,owner,2025-12-31T01:27:53.834100
USR_0040,DEV_00044,user,2025-12-28T16:27:53.834105
USR_0040,DEV_00203,owner,2025-12-29T14:27:53.834110
USR_0040,DEV_00033,owner,2026-01-01T07:27:53.834114
USR_0040,DEV_00144,guest,2025-12-31T09:27:53.834119
USR_0041,DEV_00177,owner,2025-12-31T01:27:53.834129
USR_0041,DEV_00105,user,2025-12-29T20:27:53.834134
USR_0041,DEV_00107,guest,2026-01-02T07:27:53.834139
USR_0041,DEV_00095,user,2025-12-30T04:27:53.834143
USR_0041,DEV_00170,owner,2025-12-27T06:27:53.834148
USR_0041,DEV_00064,owner,2025-12-30T01:27:53.834157
USR_0041,DEV_00226,owner,2025-12-29T02:27:53.834161
USR_0041,DEV_00099,guest,2025-12-27T02:27:53.834167
USR_0042,DEV_00290,guest,2026-01-01T16:27:53.834176
USR_0042,DEV_00196,user,2026-01-01T17:27:53.834181
USR_0042,DEV_00145,guest,2026-01-01T05:27:53.834186
USR_0042,DEV_00219,owner,2026-01-02T10:27:53.834190
USR_0042,DEV_00056,owner,2026-01-02T10:27:53.834195
USR_0043,DEV_00076,guest,2025-12-30T20:27:53.834210
USR_0043,DEV_00031,user,2026-01-02T10:27:53.834215
USR_0043,DEV_00072,guest,2025-12-29T22:27:53.834219
USR_0043,DEV_00256,user,2026-01-01T15:27:53.834224
USR_0043,DEV_00117,guest,2025-12-28T06:27:53.834228
USR_0043,DEV_00114,user,2025-12-27T11:27:53.834233
USR_0043,DEV_00062,user,2025-12-27T18:27:53.834237
USR_0043,DEV_00205,guest,2025-12-30T16:27:53.834242
USR_0043,DEV_00195,guest,2025-12-31T05:27:53.834246
USR_0043,DEV_00296,guest,2025-12-29T22:27:53.834251
USR_0044,DEV_00220,guest,2025-12-30T07:27:53.834259
USR_0044,DEV_00009,user,2025-12-30T21:27:53.834264
USR_0044,DEV_00089,guest,2025-12-30T01:27:53.834269
USR_0044,DEV_00118,owner,2026-01-01T04:27:53.834273
USR_0044,DEV_00174,user,2026-01-02T07:27:53.834278
USR_0045,DEV_00025,owner,2025-12-27T05:27:53.834287
USR_0045,DEV_00236,owner,2025-12-28T08:27:53.834291
USR_0045,DEV_00013,user,2025-12-31T16:27:53.834296
USR_0045,DEV_00213,guest,2025-12-30T14:27:53.834300
USR_0045,DEV_00171,user,2026-01-01T00:27:53.834305
USR_0045,DEV_00123,guest,2025-12-30T17:27:53.834309
USR_0046,DEV_00045,guest,2025-12-30T07:27:53.834321
USR_0046,DEV_00192,owner,2026-01-01T02:27:53.834326
USR_0046,DEV_00119,user,2025-12-29T18:27:53.834331
USR_0046,DEV_00127,guest,2025-12-29T03:27:53.834338
USR_0046,DEV_00098,user,2025-12-30T06:27:53.834343
USR_0047,DEV_00280,user,2025-12-30T19:27:53.834352
USR_0047,DEV_00190,owner,2025-12-29T08:27:53.834356
USR_0047,DEV_00272,owner,2026-01-02T01:27:53.834361
USR_0047,DEV_00249,guest,2026-01-01T20:27:53.834365
USR_0048,DEV_00107,guest,2025-12-26T18:27:53.834373
USR_0048,DEV_00280,user,2025-12-28T05:27:53.834377
USR_0048,DEV_00177,guest,2025-12-27T21:27:53.834382
USR_0048,DEV_00154,owner,2025-12-29T12:27:53.834387
USR_0049,DEV_00142,user,2025-12-29T07:27:53.834397
USR_0049,DEV_00176,user,2025-12-28T22:27:53.834402
USR_0049,DEV_00216,owner,2025-12-30T23:27:53.834407
USR_0049,DEV_00139,guest,2025-12-27T09:27:53.834411
USR_0049,DEV_00294,owner,2025-12-27T01:27:53.834416
USR_0049,DEV_00248,user,2025-12-29T05:27:53.834420
USR_0049,DEV_00170,user,2025-12-27T01:27:53.834425
USR_0049,DEV_00253,guest,2025-12-29T00:27:53.834429
USR_0050,DEV_00155,guest,2025-12-28T02:27:53.834437
USR_0050,DEV_00040,user,2025-12-28T17:27:53.834441
USR_0050,DEV_00017,guest,2026-01-01T11:27:53.834446
USR_0050,DEV_00119,guest,2025-12-31T20:27:53.834450
USR_0051,DEV_00225,user,2025-12-30T12:27:53.834467
USR_0051,DEV_00083,user,2025-12-31T08:27:53.834472
USR_0051,DEV_00105,guest,2025-12-28T07:27:53.834479
USR_0051,DEV_00150,owner,2025-12-30T20:27:53.834484
USR_0051,DEV_00265,user,2026-01-01T14:27:53.834489
USR_0051,DEV_00196,user,2025-12-31T22:27:53.834493
USR_0051,DEV_00220,user,2025-12-27T08:27:53.834497
USR_0051,DEV_00039,user,2025-12-27T03:27:53.834502
USR_0052,DEV_00126,user,2025-12-28T23:27:53.834512
USR_0052,DEV_00073,owner,2025-12-30T04:27:53.834517
USR_0052,DEV_00098,user,2025-12-30T19:27:53.834521
USR_0052,DEV_00274,guest,2026-01-01T01:27:53.834526
USR_0052,DEV_00291,owner,2025-12-28T08:27:53.834531
USR_0052,DEV_00022,owner,2026-01-01T22:27:53.834535
USR_0052,DEV_00269,guest,2025-12-26T19:27:53.834540
USR_0053,DEV_00272,owner,2025-12-26T21:27:53.834554
USR_0053,DEV_00077,user,2025-12-27T22:27:53.834559
USR_0053,DEV_00072,owner,2025-12-28T00:27:53.834563
USR_0053,DEV_00283,owner,2025-12-30T03:27:53.834568
USR_0053,DEV_00112,owner,2025-12-27T11:27:53.834572
USR_0053,DEV_00059,owner,2025-12-30T09:27:53.834577
USR_0053,DEV_00075,user,2025-12-29T09:27:53.834581
USR_0053,DEV_00141,owner,2025-12-27T23:27:53.834586
USR_0053,DEV_00031,owner,2026-01-01T17:27:53.834590
USR_0054,DEV_00242,owner,2026-01-01T23:27:53.834600
USR_0054,DEV_00168,owner,2025-12-27T12:27:53.834605
USR_0054,DEV_00247,guest,2025-12-28T05:27:53.834610
USR_0054,DEV_00260,user,2026-01-02T12:27:53.834614
USR_0054,DEV_00173,user,2026-01-01T10:27:53.834619
USR_0054,DEV_00039,owner,2025-12-27T15:27:53.834624
USR_0054,DEV_00106,guest,2025-12-28T16:27:53.834628
USR_0055,DEV_00053,owner,2026-01-01T20:27:53.834638
USR_0055,DEV_00196,owner,2025-12-31T00:27:53.834643
USR_0055,DEV_00283,guest,2026-01-02T07:27:53.834648
USR_0055,DEV_00029,user,2025-12-29T23:27:53.834652
USR_0055,DEV_00014,owner,2025-12-29T14:27:53.834657
USR_0055,DEV_00215,owner,2026-01-01T23:27:53.834661
USR_0055,DEV_00160,guest,2025-12-29T16:27:53.834669
USR_0055,DEV_00077,user,2025-12-29T05:27:53.834673
USR_0055,DEV_00060,guest,2026-01-02T00:27:53.834677
USR_0055,DEV_00072,owner,2025-12-28T16:27:53.834682
USR_0056,DEV_00188,owner,2025-12-30T05:27:53.834694
USR_0056,DEV_00264,guest,2025-12-30T02:27:53.834699
USR_0056,DEV_00147,user,2025-12-26T22:27:53.834704
USR_0057,DEV_00293,guest,2025-12-27T20:27:53.834713
USR_0057,DEV_00101,user,2026-01-02T14:27:53.834718
USR_0057,DEV_00092,user,2026-01-02T10:27:53.834722
USR_0057,DEV_00138,user,2025-12-29T08:27:53.834726
USR_0057,DEV_00181,guest,2025-12-30T14:27:53.834731
USR_0057,DEV_00205,user,2025-12-31T05:27:53.834735
USR_0058,DEV_00238,guest,2025-12-30T07:27:53.834745
USR_0058,DEV_00106,user,2025-12-29T05:27:53.834750
USR_0058,DEV_00163,user,2026-01-02T12:27:53.834754
USR_0058,DEV_00200,guest,2026-01-01T06:27:53.834761
USR_0058,DEV_00214,guest,2025-12-28T03:27:53.834766
USR_0058,DEV_00055,owner,2025-12-31T10:27:53.834771
USR_0058,DEV_00198,owner,2025-12-30T07:27:53.834775
USR_0058,DEV_00287,owner,2025-12-30T12:27:53.834780
USR_0059,DEV_00107,owner,2025-12-28T10:27:53.834790
USR_0059,DEV_00202,user,2025-12-28T14:27:53.834795
USR_0059,DEV_00024,guest,2026-01-02T14:27:53.834799
USR_0059,DEV_00182,guest,2026-01-01T09:27:53.834804
USR_0059,DEV_00286,user,2025-12-31T23:27:53.834808
USR_0059,DEV_00258,guest,2026-01-01T22:27:53.834814
USR_0059,DEV_00214,owner,2025-12-30T08:27:53.834818
USR_0059,DEV_00163,owner,2025-12-28T09:27:53.834822
USR_0059,DEV_00220,owner,2026-01-01T08:27:53.834827
USR_0060,DEV_00297,owner,2025-12-26T23:27:53.834836
USR_0060,DEV_00226,user,2025-12-30T06:27:53.834841
USR_0060,DEV_00158,guest,2026-01-02T04:27:53.834845
USR_0060,DEV_00174,owner,2025-12-27T09:27:53.834850
USR_0060,DEV_00028,owner,2025-12-31T11:27:53.834855
USR_0060,DEV_00147,owner,2026-01-01T07:27:53.834859
USR_0060,DEV_00185,user,2025-12-28T00:27:53.834867
USR_0061,DEV_00235,owner,2025-12-31T02:27:53.834877
USR_0061,DEV_00192,user,2025-12-31T18:27:53.834881
USR_0061,DEV_00287,guest,2025-12-30T07:27:53.834886
USR_0061,DEV_00140,guest,2025-12-27T08:27:53.834890
USR_0061,DEV_00228,guest,2025-12-28T21:27:53.834895
USR_0061,DEV_00021,user,2025-12-30T20:27:53.834899
USR_0061,DEV_00159,guest,2025-12-30T03:27:53.834903
USR_0061,DEV_00138,user,2026-01-02T10:27:53.834908
USR_0062,DEV_00106,guest,2025-12-26T22:27:53.834917
USR_0062,DEV_00097,guest,2025-12-27T14:27:53.834922
USR_0062,DEV_00020,user,2025-12-27T22:27:53.834926
USR_0062,DEV_00061,user,2025-12-28T08:27:53.834931
USR_0062,DEV_00274,guest,2025-12-27T01:27:53.834935
USR_0062,DEV_00083,user,2025-12-27T11:27:53.834939
USR_0062,DEV_00284,guest,2025-12-31T00:27:53.834943
USR_0062,DEV_00186,user,2025-12-31T21:27:53.834948
USR_0063,DEV_00020,guest,2025-12-29T07:27:53.834957
USR_0063,DEV_00003,guest,2025-12-29T07:27:53.834961
USR_0063,DEV_00295,guest,2026-01-01T09:27:53.834966
USR_0063,DEV_00283,owner,2026-01-01T01:27:53.834970
USR_0063,DEV_00198,user,2025-12-30T18:27:53.834979
USR_0063,DEV_00248,user,2026-01-02T12:27:53.834984
USR_0064,DEV_00184,user,2025-12-31T13:27:53.834994
USR_0064,DEV_00016,guest,2025-12-26T18:27:53.834999
USR_0064,DEV_00112,owner,2025-12-31T02:27:53.835011
USR_0064,DEV_00128,user,2026-01-01T20:27:53.835016
USR_0064,DEV_00103,user,2025-12-30T15:27:53.835021
USR_0064,DEV_00249,owner,2025-12-29T12:27:53.835030
USR_0064,DEV_00177,guest,2025-12-31T00:27:53.835035
USR_0064,DEV_00036,owner,2026-01-01T02:27:53.835043
USR_0064,DEV_00146,user,2025-12-28T07:27:53.835047
USR_0065,DEV_00281,owner,2025-12-31T02:27:53.835061
USR_0065,DEV_00042,owner,2025-12-28T10:27:53.835066
USR_0065,DEV_00075,user,2026-01-01T05:27:53.835070
USR_0065,DEV_00200,owner,2025-12-30T16:27:53.835075
USR_0065,DEV_00131,owner,2025-12-28T16:27:53.835079
USR_0065,DEV_00289,user,2025-12-28T19:27:53.835083
USR_0065,DEV_00009,guest,2025-12-31T03:27:53.835088
USR_0065,DEV_00202,owner,2025-12-28T14:27:53.835092
USR_0065,DEV_00211,guest,2026-01-01T04:27:53.835096
USR_0066,DEV_00127,guest,2025-12-29T19:27:53.835104
USR_0066,DEV_00065,user,2025-12-29T18:27:53.835109
USR_0066,DEV_00168,guest,2025-12-29T23:27:53.835114
USR_0066,DEV_00042,owner,2026-01-01T22:27:53.835118
USR_0066,DEV_00085,guest,2025-12-27T09:27:53.835122
USR_0067,DEV_00238,owner,2025-12-31T11:27:53.835131
USR_0067,DEV_00091,owner,2025-12-27T03:27:53.835135
USR_0067,DEV_00049,guest,2025-12-30T05:27:53.835140
USR_0067,DEV_00031,guest,2025-12-30T14:27:53.835144
USR_0067,DEV_00254,guest,2025-12-29T02:27:53.835149
USR_0068,DEV_00122,guest,2025-12-31T17:27:53.835156
USR_0068,DEV_00030,owner,2025-12-27T04:27:53.835162
USR_0068,DEV_00007,owner,2025-12-27T00:27:53.835167
USR_0069,DEV_00136,guest,2025-12-31T04:27:53.835178
USR_0069,DEV_00296,user,2025-12-30T13:27:53.835183
USR_0069,DEV_00021,owner,2025-12-31T02:27:53.835187
USR_0069,DEV_00020,user,2025-12-31T15:27:53.835191
USR_0069,DEV_00011,owner,2025-12-31T03:27:53.835196
USR_0069,DEV_00254,user,2025-12-30T05:27:53.835200
USR_0069,DEV_00142,guest,2025-12-28T05:27:53.835204
USR_0069,DEV_00104,owner,2026-01-01T10:27:53.835209
USR_0069,DEV_00005,user,2026-01-02T08:27:53.835213
USR_0069,DEV_00292,guest,2026-01-01T18:27:53.835218
USR_0070,DEV_00080,guest,2025-12-29T16:27:53.835229
USR_0070,DEV_00265,owner,2026-01-02T02:27:53.835234
USR_0070,DEV_00055,guest,2025-12-27T11:27:53.835238
USR_0070,DEV_00172,user,2025-12-31T15:27:53.835243
USR_0070,DEV_00230,user,2025-12-31T20:27:53.835247
USR_0070,DEV_00057,guest,2025-12-28T01:27:53.835252
USR_0071,DEV_00047,owner,2025-12-31T18:27:53.835262
USR_0071,DEV_00216,user,2025-12-28T20:27:53.835267
USR_0071,DEV_00045,user,2025-12-27T14:27:53.835271
USR_0071,DEV_00096,user,2025-12-31T08:27:53.835275
USR_0071,DEV_00198,owner,2025-12-28T23:27:53.835280
USR_0071,DEV_00298,guest,2025-12-30T01:27:53.835285
USR_0071,DEV_00287,guest,2025-12-31T15:27:53.835289
USR_0071,DEV_00244,user,2026-01-02T06:27:53.835293
USR_0072,DEV_00199,user,2025-12-31T04:27:53.835303
USR_0072,DEV_00282,owner,2025-12-29T18:27:53.835308
USR_0072,DEV_00063,guest,2025-12-30T07:27:53.835312
USR_0072,DEV_00197,owner,2025-12-30T03:27:53.835317
USR_0072,DEV_00131,owner,2026-01-02T08:27:53.835321
USR_0072,DEV_00288,guest,2025-12-28T14:27:53.835326
USR_0072,DEV_00145,guest,2025-12-29T19:27:53.835330
USR_0072,DEV_00270,guest,2025-12-27T05:27:53.835335
USR_0072,DEV_00061,owner,2025-12-27T11:27:53.835339
USR_0073,DEV_00026,owner,2025-12-31T15:27:53.835348
USR_0073,DEV_00075,guest,2025-12-28T15:27:53.835352
USR_0073,DEV_00033,guest,2025-12-29T19:27:53.835357
USR_0073,DEV_00070,owner,2025-12-26T23:27:53.835361
USR_0074,DEV_00256,guest,2025-12-29T04:27:53.835376
USR_0074,DEV_00254,user,2025-12-29T04:27:53.835381
USR_0074,DEV_00083,user,2026-01-02T07:27:53.835385
USR_0074,DEV_00036,owner,2025-12-31T13:27:53.835389
USR_0074,DEV_00009,guest,2025-12-27T05:27:53.835397
USR_0074,DEV_00298,user,2025-12-29T00:27:53.835401
USR_0074,DEV_00191,user,2025-12-30T10:27:53.835406
USR_0075,DEV_00070,guest,2026-01-02T10:27:53.835416
USR_0075,DEV_00056,guest,2025-12-30T12:27:53.835421
USR_0075,DEV_00206,guest,2026-01-02T05:27:53.835425
USR_0075,DEV_00094,guest,2025-12-30T18:27:53.835429
USR_0075,DEV_00148,user,2025-12-30T10:27:53.835434
USR_0075,DEV_00138,guest,2025-12-27T00:27:53.835438
USR_0075,DEV_00274,owner,2026-01-01T04:27:53.835442
USR_0075,DEV_00121,owner,2025-12-31T08:27:53.835447
USR_0075,DEV_00167,guest,2025-12-29T15:27:53.835451
USR_0076,DEV_00048,user,2025-12-28T16:27:53.835461
USR_0076,DEV_00102,user,2025-12-29T09:27:53.835466
USR_0076,DEV_00027,owner,2025-12-30T12:27:53.835470
USR_0076,DEV_00005,guest,2025-12-27T09:27:53.835475
USR_0076,DEV_00173,user,2026-01-02T00:27:53.835479
USR_0076,DEV_00225,user,2025-12-30T07:27:53.835483
USR_0076,DEV_00261,owner,2025-12-29T06:27:53.835488
USR_0077,DEV_00033,owner,2025-12-27T14:27:53.835497
USR_0077,DEV_00037,user,2025-12-29T14:27:53.835502
USR_0077,DEV_00161,guest,2026-01-02T01:27:53.835507
USR_0077,DEV_00164,owner,2025-12-30T15:27:53.835512
USR_0077,DEV_00184,owner,2026-01-02T04:27:53.835516
USR_0077,DEV_00121,user,2026-01-01T06:27:53.835520
USR_0078,DEV_00282,user,2025-12-29T22:27:53.835530
USR_0078,DEV_00055,user,2026-01-02T08:27:53.835534
USR_0078,DEV_00079,owner,2025-12-30T12:27:53.835539
USR_0078,DEV_00028,user,2025-12-30T05:27:53.835543
USR_0078,DEV_00011,owner,2025-12-29T10:27:53.835547
USR_0078,DEV_00244,user,2025-12-29T22:27:53.835551
USR_0078,DEV_00270,guest,2026-01-01T20:27:53.835556
USR_0079,DEV_00209,user,2025-12-29T06:27:53.835569
USR_0079,DEV_00163,owner,2025-12-29T12:27:53.835574
USR_0079,DEV_00172,guest,2025-12-30T00:27:53.835578
USR_0079,DEV_00205,guest,2025-12-30T21:27:53.835582
USR_0079,DEV_00076,owner,2025-12-30T03:27:53.835587
USR_0079,DEV_00050,guest,2025-12-30T22:27:53.835594
USR_0079,DEV_00180,guest,2025-12-27T09:27:53.835599
USR_0079,DEV_00229,guest,2025-12-27T18:27:53.835604
USR_0079,DEV_00230,owner,2025-12-30T20:27:53.835608
USR_0080,DEV_00024,owner,2025-12-27T18:27:53.835617
USR_0080,DEV_00151,owner,2025-12-28T12:27:53.835621
USR_0080,DEV_00218,user,2026-01-01T07:27:53.835626
USR_0080,DEV_00163,user,2026-01-02T02:27:53.835630
USR_0080,DEV_00064,guest,2025-12-30T11:27:53.835634
USR_0081,DEV_00297,guest,2025-12-29T11:27:53.835645
USR_0081,DEV_00278,owner,2026-01-02T12:27:53.835649
USR_0081,DEV_00247,owner,2025-12-31T15:27:53.835654
USR_0081,DEV_00127,user,2025-12-31T18:27:53.835658
USR_0081,DEV_00183,user,2026-01-01T10:27:53.835662
USR_0081,DEV_00035,owner,2026-01-02T11:27:53.835666
USR_0081,DEV_00047,guest,2025-12-31T08:27:53.835671
USR_0081,DEV_00136,guest,2025-12-28T16:27:53.835675
USR_0082,DEV_00038,owner,2025-12-29T02:27:53.835685
USR_0082,DEV_00133,user,2026-01-02T02:27:53.835689
USR_0082,DEV_00030,guest,2026-01-02T11:27:53.835694
USR_0082,DEV_00206,user,2025-12-28T17:27:53.835698
USR_0082,DEV_00092,user,2025-12-26T22:27:53.835702
USR_0082,DEV_00033,user,2026-01-02T14:27:53.835706
USR_0082,DEV_00044,user,2026-01-02T11:27:53.835711
USR_0083,DEV_00252,owner,2025-12-28T09:27:53.835720
USR_0083,DEV_00083,owner,2025-12-30T10:27:53.835724
USR_0083,DEV_00230,owner,2025-12-27T19:27:53.835728
USR_0083,DEV_00251,owner,2025-12-27T12:27:53.835736
USR_0084,DEV_00176,owner,2025-12-27T19:27:53.835747
USR_0084,DEV_00226,guest,2026-01-01T16:27:53.835751
USR_0084,DEV_00131,owner,2026-01-01T09:27:53.835756
USR_0084,DEV_00008,guest,2025-12-31T01:27:53.835760
USR_0084,DEV_00194,user,2025-12-31T13:27:53.835765
USR_0085,DEV_00058,owner,2025-12-27T00:27:53.835774
USR_0085,DEV_00099,user,2025-12-26T18:27:53.835778
USR_0085,DEV_00094,owner,2026-01-02T01:27:53.835783
USR_0085,DEV_00229,guest,2025-12-27T06:27:53.835787
USR_0085,DEV_00270,user,2025-12-27T00:27:53.835791
USR_0085,DEV_00188,guest,2025-12-27T00:27:53.835796
USR_0085,DEV_00066,owner,2025-12-28T06:27:53.835800
USR_0086,DEV_00160,guest,2025-12-31T07:27:53.835810
USR_0086,DEV_00182,user,2025-12-28T13:27:53.835815
USR_0086,DEV_00255,guest,2025-12-29T09:27:53.835819
USR_0086,DEV_00037,user,2025-12-29T05:27:53.835823
USR_0086,DEV_00028,user,2025-12-28T14:27:53.835828
USR_0086,DEV_00240,owner,2025-12-28T12:27:53.835832
USR_0086,DEV_00132,owner,2025-12-31T18:27:53.835836
USR_0086,DEV_00236,user,2025-12-29T15:27:53.835840
USR_0086,DEV_00155,owner,2026-01-01T06:27:53.835845
USR_0086,DEV_00066,owner,2025-12-31T21:27:53.835849
USR_0087,DEV_00251,owner,2026-01-01T02:27:53.835862
USR_0087,DEV_00123,user,2025-12-29T03:27:53.835867
USR_0087,DEV_00146,owner,2025-12-28T14:27:53.835871
USR_0087,DEV_00228,guest,2026-01-01T19:27:53.835876
USR_0087,DEV_00189,owner,2025-12-29T12:27:53.835880
USR_0087,DEV_00276,user,2025-12-26T16:27:53.835885
USR_0087,DEV_00137,user,2025-12-28T16:27:53.835889
USR_0087,DEV_00050,user,2025-12-27T20:27:53.835894
USR_0087,DEV_00086,guest,2025-12-30T20:27:53.835898
USR_0087,DEV_00216,user,2026-01-02T10:27:53.835902
USR_0088,DEV_00227,user,2025-12-28T11:27:53.835909
USR_0088,DEV_00033,user,2025-12-27T20:27:53.835914
USR_0088,DEV_00117,owner,2025-12-26T19:27:53.835918
USR_0089,DEV_00132,owner,2025-12-27T21:27:53.835932
USR_0089,DEV_00269,user,2025-12-27T18:27:53.835937
USR_0089,DEV_00296,user,2026-01-01T07:27:53.835942
USR_0089,DEV_00038,guest,2025-12-27T10:27:53.835946
USR_0089,DEV_00037,user,2025-12-29T09:27:53.835950
USR_0089,DEV_00018,owner,2025-12-30T03:27:53.835955
USR_0089,DEV_00071,user,2025-12-30T14:27:53.835959
USR_0089,DEV_00128,guest,2025-12-31T08:27:53.835963
USR_0089,DEV_00208,user,2025-12-29T05:27:53.835968
USR_0089,DEV_00286,owner,2025-12-30T09:27:53.835978
USR_0090,DEV_00023,owner,2026-01-02T06:27:53.835987
USR_0090,DEV_00007,guest,2025-12-30T11:27:53.835991
USR_0090,DEV_00179,guest,2025-12-30T01:27:53.835996
USR_0090,DEV_00085,owner,2025-12-29T11:27:53.836000
USR_0091,DEV_00131,guest,2025-12-27T07:27:53.836019
USR_0091,DEV_00172,owner,2025-12-28T16:27:53.836023
USR_0091,DEV_00279,user,2025-12-28T03:27:53.836028
USR_0091,DEV_00066,guest,2025-12-31T22:27:53.836032
USR_0091,DEV_00236,guest,2026-01-02T16:27:53.836037
USR_0091,DEV_00143,owner,2025-12-30T14:27:53.836042
USR_0091,DEV_00088,owner,2026-01-02T11:27:53.836051
USR_0091,DEV_00186,owner,2025-12-29T10:27:53.836055
USR_0091,DEV_00245,owner,2025-12-30T05:27:53.836059
USR_0091,DEV_00092,guest,2025-12-31T23:27:53.836064
USR_0092,DEV_00157,owner,2025-12-29T21:27:53.836077
USR_0092,DEV_00262,guest,2026-01-01T03:27:53.836082
USR_0092,DEV_00077,guest,2025-12-31T02:27:53.836086
USR_0092,DEV_00248,user,2025-12-30T12:27:53.836093
USR_0092,DEV_00118,user,2025-12-29T17:27:53.836098
USR_0092,DEV_00240,owner,2025-12-28T09:27:53.836102
USR_0092,DEV_00064,guest,2025-12-29T04:27:53.836107
USR_0093,DEV_00050,user,2025-12-30T21:27:53.836116
USR_0093,DEV_00239,user,2025-12-31T14:27:53.836121
USR_0093,DEV_00008,user,2025-12-29T22:27:53.836125
USR_0093,DEV_00094,user,2025-12-31T22:27:53.836129
USR_0093,DEV_00045,guest,2025-12-30T03:27:53.836134
USR_0093,DEV_00194,guest,2025-12-31T13:27:53.836138
USR_0093,DEV_00173,owner,2025-12-29T12:27:53.836142
USR_0094,DEV_00132,user,2025-12-29T07:27:53.836152
USR_0094,DEV_00049,owner,2025-12-30T09:27:53.836156
USR_0094,DEV_00262,guest,2025-12-27T22:27:53.836163
USR_0094,DEV_00149,user,2025-12-27T23:27:53.836168
USR_0094,DEV_00244,user,2026-01-01T19:27:53.836172
USR_0094,DEV_00001,user,2025-12-31T10:27:53.836177
USR_0095,DEV_00140,guest,2025-12-26T23:27:53.836184
USR_0095,DEV_00013,owner,2025-12-28T22:27:53.836188
USR_0095,DEV_00230,guest,2025-12-26T23:27:53.836193
USR_0096,DEV_00213,user,2026-01-01T16:27:53.836201
USR_0096,DEV_00291,guest,2026-01-01T14:27:53.836206
USR_0096,DEV_00185,owner,2026-01-01T12:27:53.836210
USR_0096,DEV_00084,user,2026-01-01T23:27:53.836215
USR_0096,DEV_00140,guest,2025-12-29T22:27:53.836220
USR_0096,DEV_00074,owner,2025-12-27T07:27:53.836224
USR_0097,DEV_00199,user,2025-12-30T05:27:53.836233
USR_0097,DEV_00086,user,2026-01-02T03:27:53.836237
USR_0097,DEV_00175,owner,2025-12-31T04:27:53.836241
USR_0097,DEV_00010,user,2025-12-29T08:27:53.836246
USR_0097,DEV_00212,guest,2025-12-27T01:27:53.836251
USR_0097,DEV_00242,user,2025-12-28T03:27:53.836255
USR_0098,DEV_00285,user,2025-12-26T21:27:53.836267
USR_0098,DEV_00106,user,2025-12-28T02:27:53.836272
USR_0098,DEV_00162,owner,2026-01-02T14:27:53.836276
USR_0098,DEV_00070,owner,2026-01-02T11:27:53.836281
USR_0099,DEV_00003,owner,2025-12-28T10:27:53.836291
USR_0099,DEV_00071,user,2025-12-27T07:27:53.836295
USR_0099,DEV_00009,user,2026-01-02T03:27:53.836300
USR_0099,DEV_00048,guest,2026-01-02T01:27:53.836304
USR_0099,DEV_00166,guest,2025-12-31T19:27:53.836308
USR_0099,DEV_00276,owner,2025-12-29T23:27:53.836313
USR_0099,DEV_00271,owner,2025-12-31T21:27:53.836317
USR_0099,DEV_00079,user,2026-01-01T03:27:53.836322
USR_0099,DEV_00006,user,2026-01-01T04:27:53.836326
USR_0100,DEV_00122,user,2025-12-27T12:27:53.836336
USR_0100,DEV_00149,owner,2025-12-30T07:27:53.836342
USR_0100,DEV_00216,guest,2025-12-31T22:27:53.836346
USR_0100,DEV_00253,guest,2025-12-31T22:27:53.836351
USR_0100,DEV_00106,user,2026-01-01T18:27:53.836355
USR_0100,DEV_00285,guest,2025-12-28T10:27:53.836359
USR_0100,DEV_00145,user,2025-12-26T21:27:53.836363
USR_0100,DEV_00165,user,2025-12-30T20:27:53.836368
USR_0101,DEV_00156,owner,2025-12-31T15:27:53.836376
USR_0101,DEV_00130,user,2025-12-28T00:27:53.836381
USR_0101,DEV_00169,guest,2025-12-29T01:27:53.836386
USR_0101,DEV_00178,owner,2026-01-02T00:27:53.836390
USR_0101,DEV_00060,user,2026-01-02T03:27:53.836395
USR_0102,DEV_00074,owner,2025-12-28T18:27:53.836404
USR_0102,DEV_00223,guest,2026-01-01T07:27:53.836409
USR_0102,DEV_00210,guest,2026-01-01T05:27:53.836414
USR_0102,DEV_00195,owner,2025-12-28T10:27:53.836421
USR_0102,DEV_00105,guest,2025-12-29T15:27:53.836425
USR_0102,DEV_00270,guest,2025-12-31T02:27:53.836430
USR_0102,DEV_00078,owner,2026-01-01T12:27:53.836437
USR_0102,DEV_00199,owner,2026-01-02T04:27:53.836442
USR_0102,DEV_00062,owner,2026-01-01T11:27:53.836446
USR_0103,DEV_00223,owner,2025-12-29T11:27:53.836457
USR_0103,DEV_00026,owner,2025-12-27T23:27:53.836462
USR_0103,DEV_00097,user,2025-12-26T16:27:53.836467
USR_0103,DEV_00094,guest,2025-12-27T00:27:53.836471
USR_0103,DEV_00090,guest,2025-12-31T09:27:53.836475
USR_0104,DEV_00072,guest,2025-12-29T04:27:53.836486
USR_0104,DEV_00028,owner,2026-01-02T14:27:53.836490
USR_0104,DEV_00181,guest,2025-12-28T19:27:53.836494
USR_0104,DEV_00213,user,2025-12-27T20:27:53.836499
USR_0104,DEV_00153,owner,2026-01-01T17:27:53.836503
USR_0104,DEV_00256,owner,2025-12-31T16:27:53.836508
USR_0104,DEV_00183,user,2025-12-30T00:27:53.836512
USR_0104,DEV_00092,guest,2025-12-31T20:27:53.836516
USR_0104,DEV_00101,user,2026-01-02T08:27:53.836521
USR_0104,DEV_00051,user,2026-01-01T16:27:53.836525
USR_0105,DEV_00115,user,2025-12-29T00:27:53.836533
USR_0105,DEV_00245,owner,2026-01-01T23:27:53.836537
USR_0105,DEV_00120,user,2025-12-28T18:27:53.836542
USR_0105,DEV_00034,user,2026-01-01T07:27:53.836546
USR_0106,DEV_00243,guest,2025-12-31T21:27:53.836555
USR_0106,DEV_00077,owner,2025-12-28T00:27:53.836559
USR_0106,DEV_00051,guest,2025-12-28T02:27:53.836563
USR_0106,DEV_00009,user,2026-01-01T22:27:53.836568
USR_0106,DEV_00158,user,2025-12-27T05:27:53.836572
USR_0107,DEV_00047,guest,2025-12-29T02:27:53.836582
USR_0107,DEV_00231,user,2025-12-31T03:27:53.836586
USR_0107,DEV_00040,user,2025-12-27T17:27:53.836591
USR_0107,DEV_00251,guest,2025-12-27T09:27:53.836595
USR_0107,DEV_00227,owner,2026-01-01T12:27:53.836599
USR_0107,DEV_00064,user,2025-12-30T07:27:53.836604
USR_0107,DEV_00257,guest,2025-12-28T05:27:53.836609
USR_0107,DEV_00044,owner,2025-12-31T18:27:53.836613
USR_0108,DEV_00158,user,2025-12-27T18:27:53.836636
USR_0108,DEV_00135,owner,2025-12-31T20:27:53.836641
USR_0108,DEV_00209,guest,2025-12-27T02:27:53.836646
USR_0108,DEV_00281,guest,2025-12-27T11:27:53.836650
USR_0108,DEV_00278,user,2025-12-31T06:27:53.836654
USR_0108,DEV_00077,user,2025-12-27T02:27:53.836659
USR_0108,DEV_00020,guest,2025-12-29T04:27:53.836663
USR_0108,DEV_00167,guest,2025-12-30T02:27:53.836667
USR_0108,DEV_00298,owner,2025-12-30T03:27:53.836672
USR_0108,DEV_00032,guest,2025-12-31T17:27:53.836676
USR_0109,DEV_00232,guest,2025-12-29T00:27:53.836684
USR_0109,DEV_00072,owner,2025-12-30T23:27:53.836689
USR_0109,DEV_00226,user,2025-12-28T22:27:53.836694
USR_0109,DEV_00056,guest,2025-12-28T17:27:53.836703
USR_0109,DEV_00110,user,2026-01-01T10:27:53.836707
USR_0109,DEV_00088,owner,2025-12-31T03:27:53.836712
USR_0110,DEV_00164,guest,2025-12-31T04:27:53.836727
USR_0110,DEV_00037,user,2025-12-30T22:27:53.836736
USR_0110,DEV_00215,guest,2025-12-29T05:27:53.836741
USR_0110,DEV_00222,guest,2026-01-01T15:27:53.836745
USR_0110,DEV_00052,owner,2025-12-27T17:27:53.836750
USR_0110,DEV_00292,owner,2025-12-28T13:27:53.836758
USR_0110,DEV_00119,guest,2025-12-30T08:27:53.836762
USR_0110,DEV_00287,guest,2025-12-28T21:27:53.836767
USR_0110,DEV_00026,user,2025-12-31T00:27:53.836771
USR_0110,DEV_00233,guest,2025-12-31T12:27:53.836776
USR_0111,DEV_00262,user,2025-12-29T20:27:53.836789
USR_0111,DEV_00003,user,2025-12-29T21:27:53.836794
USR_0111,DEV_00078,user,2026-01-01T04:27:53.836801
USR_0111,DEV_00297,user,2026-01-01T04:27:53.836805
USR_0111,DEV_00041,guest,2025-12-29T06:27:53.836810
USR_0111,DEV_00288,guest,2025-12-31T19:27:53.836814
USR_0111,DEV_00209,owner,2026-01-01T02:27:53.836819
USR_0112,DEV_00285,guest,2025-12-27T11:27:53.836827
USR_0112,DEV_00221,guest,2026-01-02T09:27:53.836832
USR_0112,DEV_00123,user,2025-12-29T20:27:53.836840
USR_0112,DEV_00016,guest,2025-12-28T14:27:53.836846
USR_0113,DEV_00078,user,2026-01-02T14:27:53.836861
USR_0113,DEV_00083,guest,2025-12-29T10:27:53.836870
USR_0113,DEV_00132,user,2025-12-26T22:27:53.836878
USR_0113,DEV_00107,guest,2025-12-28T14:27:53.836884
USR_0113,DEV_00033,user,2025-12-27T20:27:53.836888
USR_0113,DEV_00155,owner,2025-12-30T00:27:53.836893
USR_0113,DEV_00237,guest,2025-12-29T01:27:53.836897
USR_0113,DEV_00197,user,2025-12-28T13:27:53.836902
USR_0113,DEV_00224,owner,2025-12-27T09:27:53.836906
USR_0114,DEV_00127,owner,2025-12-28T04:27:53.836918
USR_0114,DEV_00004,user,2025-12-30T18:27:53.836923
USR_0114,DEV_00211,guest,2026-01-02T01:27:53.836927
USR_0114,DEV_00149,guest,2025-12-30T03:27:53.836932
USR_0114,DEV_00143,user,2025-12-29T01:27:53.836936
USR_0114,DEV_00056,guest,2026-01-01T16:27:53.836940
USR_0114,DEV_00237,owner,2025-12-28T03:27:53.836946
USR_0114,DEV_00060,guest,2025-12-31T07:27:53.836950
USR_0114,DEV_00130,guest,2025-12-31T23:27:53.836954
USR_0114,DEV_00198,guest,2025-12-31T04:27:53.836959
USR_0115,DEV_00170,user,2025-12-26T19:27:53.836969
USR_0115,DEV_00131,user,2025-12-29T17:27:53.836980
USR_0115,DEV_00152,owner,2025-12-31T20:27:53.836985
USR_0115,DEV_00270,user,2026-01-01T08:27:53.836989
USR_0115,DEV_00144,user,2025-12-27T19:27:53.836998
USR_0115,DEV_00026,user,2025-12-27T15:27:53.837011
USR_0115,DEV_00163,user,2025-12-28T15:27:53.837016
USR_0115,DEV_00267,guest,2026-01-01T01:27:53.837020
USR_0115,DEV_00210,owner,2025-12-30T18:27:53.837025
USR_0115,DEV_00165,user,2025-12-31T23:27:53.837029
USR_0116,DEV_00083,user,2025-12-30T07:27:53.837044
USR_0116,DEV_00242,guest,2025-12-28T08:27:53.837049
USR_0116,DEV_00237,guest,2025-12-30T18:27:53.837053
USR_0116,DEV_00137,user,2025-12-31T23:27:53.837058
USR_0116,DEV_00259,guest,2025-12-29T06:27:53.837063
USR_0117,DEV_00142,guest,2025-12-30T20:27:53.837074
USR_0117,DEV_00082,guest,2025-12-27T14:27:53.837078
USR_0117,DEV_00168,user,2025-12-28T02:27:53.837083
USR_0117,DEV_00069,guest,2026-01-01T02:27:53.837087
USR_0117,DEV_00060,guest,2025-12-27T00:27:53.837092
USR_0117,DEV_00140,user,2025-12-31T04:27:53.837096
USR_0117,DEV_00184,user,2026-01-01T16:27:53.837100
USR_0117,DEV_00034,owner,2025-12-29T01:27:53.837105
USR_0117,DEV_00108,owner,2025-12-28T17:27:53.837109
USR_0118,DEV_00264,user,2025-12-27T18:27:53.837119
USR_0118,DEV_00252,guest,2025-12-31T17:27:53.837124
USR_0118,DEV_00114,user,2026-01-01T14:27:53.837128
USR_0118,DEV_00280,guest,2025-12-27T04:27:53.837132
USR_0118,DEV_00200,user,2025-12-27T22:27:53.837137
USR_0118,DEV_00113,user,2025-12-26T23:27:53.837141
USR_0118,DEV_00277,user,2025-12-28T04:27:53.837146
USR_0118,DEV_00075,guest,2025-12-28T12:27:53.837150
USR_0119,DEV_00226,user,2025-12-28T09:27:53.837165
USR_0119,DEV_00121,user,2025-12-27T16:27:53.837170
USR_0119,DEV_00058,user,2025-12-27T05:27:53.837174
USR_0119,DEV_00067,owner,2025-12-29T13:27:53.837178
USR_0119,DEV_00100,guest,2025-12-30T10:27:53.837188
USR_0119,DEV_00284,guest,2025-12-31T21:27:53.837192
USR_0119,DEV_00144,owner,2026-01-02T09:27:53.837197
USR_0119,DEV_00126,owner,2025-12-26T18:27:53.837201
USR_0120,DEV_00244,user,2025-12-31T06:27:53.837211
USR_0120,DEV_00213,user,2025-12-28T10:27:53.837215
USR_0120,DEV_00122,user,2025-12-27T19:27:53.837220
USR_0120,DEV_00120,guest,2025-12-31T17:27:53.837224
USR_0120,DEV_00107,user,2025-12-30T00:27:53.837228
USR_0120,DEV_00242,guest,2025-12-28T20:27:53.837233
USR_0120,DEV_00090,guest,2025-12-27T07:27:53.837237
USR_0120,DEV_00275,owner,2025-12-29T17:27:53.837242
USR_0121,DEV_00248,guest,2025-12-28T18:27:53.837253
USR_0121,DEV_00120,user,2026-01-02T10:27:53.837257
USR_0121,DEV_00017,owner,2026-01-02T12:27:53.837261
USR_0121,DEV_00247,guest,2026-01-01T15:27:53.837266
USR_0121,DEV_00206,guest,2025-12-29T01:27:53.837270
USR_0121,DEV_00021,owner,2026-01-02T06:27:53.837274
USR_0121,DEV_00070,user,2025-12-27T11:27:53.837279
USR_0121,DEV_00289,owner,2025-12-28T15:27:53.837283
USR_0121,DEV_00166,owner,2025-12-30T03:27:53.837288
USR_0121,DEV_00075,guest,2025-12-30T03:27:53.837292
USR_0122,DEV_00039,user,2025-12-28T10:27:53.837301
USR_0122,DEV_00084,owner,2026-01-02T07:27:53.837306
USR_0122,DEV_00282,owner,2025-12-31T17:27:53.837311
USR_0122,DEV_00185,user,2025-12-29T17:27:53.837315
USR_0122,DEV_00215,guest,2025-12-27T06:27:53.837322
USR_0122,DEV_00210,user,2025-12-28T22:27:53.837327
USR_0122,DEV_00230,guest,2026-01-02T07:27:53.837331
USR_0123,DEV_00197,user,2025-12-29T08:27:53.837339
USR_0123,DEV_00065,owner,2025-12-30T03:27:53.837344
USR_0123,DEV_00142,owner,2026-01-01T06:27:53.837348
USR_0123,DEV_00104,guest,2025-12-30T16:27:53.837353
USR_0124,DEV_00221,guest,2025-12-30T20:27:53.837364
USR_0124,DEV_00108,user,2025-12-28T16:27:53.837369
USR_0124,DEV_00121,user,2025-12-30T09:27:53.837373
USR_0124,DEV_00218,owner,2025-12-29T04:27:53.837378
USR_0124,DEV_00203,owner,2025-12-30T09:27:53.837382
USR_0124,DEV_00288,owner,2025-12-29T04:27:53.837387
USR_0124,DEV_00248,owner,2025-12-28T14:27:53.837391
USR_0125,DEV_00176,user,2025-12-29T22:27:53.837400
USR_0125,DEV_00156,owner,2025-12-29T16:27:53.837404
USR_0125,DEV_00050,owner,2026-01-01T04:27:53.837409
USR_0125,DEV_00046,owner,2026-01-01T13:27:53.837413
USR_0125,DEV_00089,guest,2025-12-31T22:27:53.837418
USR_0126,DEV_00123,user,2025-12-27T21:27:53.837428
USR_0126,DEV_00218,user,2025-12-31T07:27:53.837433
USR_0126,DEV_00210,owner,2025-12-30T14:27:53.837437
USR_0126,DEV_00277,user,2025-12-27T18:27:53.837442
USR_0126,DEV_00100,guest,2026-01-01T21:27:53.837446
USR_0126,DEV_00188,user,2025-12-29T13:27:53.837450
USR_0126,DEV_00083,guest,2025-12-28T09:27:53.837455
USR_0126,DEV_00125,guest,2026-01-02T16:27:53.837459
USR_0126,DEV_00013,user,2025-12-28T03:27:53.837464
USR_0127,DEV_00165,user,2026-01-02T00:27:53.837473
USR_0127,DEV_00129,owner,2026-01-02T07:27:53.837478
USR_0127,DEV_00230,user,2025-12-27T08:27:53.837482
USR_0127,DEV_00053,guest,2025-12-26T23:27:53.837487
USR_0127,DEV_00062,user,2026-01-01T16:27:53.837492
USR_0127,DEV_00240,owner,2025-12-30T14:27:53.837496
USR_0127,DEV_00201,owner,2026-01-02T10:27:53.837500
USR_0127,DEV_00253,guest,2025-12-27T05:27:53.837509
USR_0127,DEV_00115,user,2026-01-01T08:27:53.837513
USR_0128,DEV_00287,guest,2025-12-28T08:27:53.837524
USR_0128,DEV_00235,user,2025-12-28T05:27:53.837529
USR_0128,DEV_00006,guest,2025-12-31T13:27:53.837533
USR_0128,DEV_00279,user,2026-01-01T14:27:53.837538
USR_0128,DEV_00057,guest,2025-12-31T03:27:53.837542
USR_0129,DEV_00151,guest,2025-12-26T21:27:53.837553
USR_0129,DEV_00063,guest,2025-12-28T11:27:53.837557
USR_0129,DEV_00179,owner,2025-12-26T20:27:53.837562
USR_0129,DEV_00052,owner,2025-12-28T04:27:53.837570
USR_0129,DEV_00247,guest,2026-01-01T05:27:53.837574
USR_0129,DEV_00249,owner,2025-12-27T04:27:53.837579
USR_0129,DEV_00278,guest,2025-12-26T23:27:53.837583
USR_0129,DEV_00079,guest,2025-12-31T08:27:53.837587
USR_0129,DEV_00225,user,2025-12-29T15:27:53.837592
USR_0129,DEV_00293,guest,2025-12-30T11:27:53.837596
USR_0130,DEV_00113,guest,2025-12-31T19:27:53.837609
USR_0130,DEV_00097,user,2025-12-28T04:27:53.837614
USR_0130,DEV_00181,user,2025-12-28T15:27:53.837619
USR_0130,DEV_00079,owner,2026-01-02T02:27:53.837623
USR_0130,DEV_00169,user,2025-12-30T11:27:53.837627
USR_0130,DEV_00138,guest,2025-12-28T06:27:53.837632
USR_0130,DEV_00140,owner,2026-01-01T00:27:53.837639
USR_0130,DEV_00105,user,2025-12-27T06:27:53.837645
USR_0130,DEV_00031,user,2025-12-27T02:27:53.837651
USR_0131,DEV_00090,owner,2025-12-31T13:27:53.837662
USR_0131,DEV_00256,user,2025-12-29T16:27:53.837666
USR_0131,DEV_00105,user,2025-12-27T14:27:53.837670
USR_0131,DEV_00262,guest,2025-12-31T08:27:53.837675
USR_0131,DEV_00247,user,2025-12-30T00:27:53.837679
USR_0131,DEV_00031,guest,2025-12-29T20:27:53.837683
USR_0132,DEV_00291,user,2025-12-29T06:27:53.837692
USR_0132,DEV_00070,owner,2025-12-31T08:27:53.837696
USR_0132,DEV_00129,owner,2025-12-27T19:27:53.837703
USR_0132,DEV_00185,user,2025-12-30T13:27:53.837708
USR_0133,DEV_00102,guest,2026-01-01T15:27:53.837716
USR_0133,DEV_00289,user,2026-01-02T01:27:53.837721
USR_0133,DEV_00265,guest,2025-12-29T05:27:53.837725
USR_0133,DEV_00146,owner,2026-01-02T01:27:53.837730
USR_0134,DEV_00083,user,2025-12-30T16:27:53.837738
USR_0134,DEV_00233,user,2025-12-28T04:27:53.837743
USR_0134,DEV_00187,owner,2025-12-31T09:27:53.837747
USR_0134,DEV_00023,guest,2025-12-28T10:27:53.837752
USR_0135,DEV_00109,owner,2025-12-30T21:27:53.837761
USR_0135,DEV_00106,user,2026-01-02T14:27:53.837765
USR_0135,DEV_00172,guest,2025-12-30T22:27:53.837770
USR_0135,DEV_00234,user,2025-12-27T07:27:53.837774
USR_0135,DEV_00003,owner,2025-12-31T13:27:53.837779
USR_0135,DEV_00206,owner,2025-12-27T12:27:53.837786
USR_0135,DEV_00258,owner,2025-12-26T20:27:53.837790
USR_0136,DEV_00173,owner,2026-01-01T12:27:53.837798
USR_0136,DEV_00030,guest,2026-01-01T22:27:53.837803
USR_0136,DEV_00096,user,2025-12-28T11:27:53.837807
USR_0136,DEV_00171,user,2025-12-31T18:27:53.837811
USR_0137,DEV_00129,guest,2025-12-26T22:27:53.837819
USR_0137,DEV_00236,guest,2025-12-29T07:27:53.837824
USR_0137,DEV_00110,guest,2025-12-30T20:27:53.837828
USR_0137,DEV_00042,user,2025-12-28T20:27:53.837833
USR_0138,DEV_00164,owner,2025-12-29T04:27:53.837840
USR_0138,DEV_00134,user,2025-12-31T14:27:53.837845
USR_0138,DEV_00240,owner,2025-12-30T01:27:53.837849
USR_0139,DEV_00084,guest,2025-12-29T22:27:53.837859
USR_0139,DEV_00119,owner,2025-12-28T05:27:53.837864
USR_0139,DEV_00155,owner,2026-01-01T04:27:53.837871
USR_0139,DEV_00090,user,2025-12-26T16:27:53.837875
USR_0139,DEV_00196,user,2026-01-01T15:27:53.837885
USR_0139,DEV_00207,owner,2025-12-30T02:27:53.837890
USR_0139,DEV_00211,guest,2025-12-26T19:27:53.837894
USR_0139,DEV_00193,guest,2025-12-30T04:27:53.837899
USR_0139,DEV_00046,user,2025-12-29T16:27:53.837903
USR_0140,DEV_00160,user,2025-12-31T22:27:53.837911
USR_0140,DEV_00206,guest,2025-12-31T14:27:53.837916
USR_0140,DEV_00159,user,2025-12-27T11:27:53.837920
USR_0140,DEV_00149,guest,2025-12-29T18:27:53.837925
USR_0141,DEV_00196,guest,2025-12-28T02:27:53.837933
USR_0141,DEV_00231,guest,2025-12-30T04:27:53.837938
USR_0141,DEV_00207,owner,2025-12-30T01:27:53.837942
USR_0141,DEV_00162,user,2025-12-29T22:27:53.837946
USR_0141,DEV_00133,user,2025-12-29T18:27:53.837951
USR_0141,DEV_00031,owner,2026-01-02T15:27:53.837955
USR_0142,DEV_00276,guest,2025-12-28T03:27:53.837963
USR_0142,DEV_00138,guest,2025-12-28T03:27:53.837967
USR_0142,DEV_00201,guest,2025-12-29T04:27:53.837972
USR_0143,DEV_00051,guest,2025-12-31T02:27:53.837987
USR_0143,DEV_00118,guest,2025-12-26T16:27:53.837992
USR_0143,DEV_00283,user,2026-01-02T08:27:53.837996
USR_0143,DEV_00023,guest,2025-12-26T17:27:53.838009
USR_0143,DEV_00259,guest,2025-12-28T14:27:53.838014
USR_0143,DEV_00003,user,2025-12-26T22:27:53.838019
USR_0143,DEV_00267,owner,2025-12-31T19:27:53.838023
USR_0143,DEV_00087,user,2025-12-30T13:27:53.838028
USR_0143,DEV_00114,owner,2025-12-31T02:27:53.838032
USR_0143,DEV_00280,owner,2025-12-31T12:27:53.838037
USR_0144,DEV_00287,owner,2025-12-28T17:27:53.838045
USR_0144,DEV_00098,user,2025-12-31T16:27:53.838050
USR_0144,DEV_00231,user,2025-12-28T00:27:53.838054
USR_0144,DEV_00198,owner,2025-12-29T20:27:53.838059
USR_0145,DEV_00255,user,2025-12-28T13:27:53.838072
USR_0145,DEV_00280,guest,2025-12-29T11:27:53.838077
USR_0145,DEV_00142,guest,2026-01-01T12:27:53.838081
USR_0145,DEV_00177,guest,2026-01-01T15:27:53.838086
USR_0145,DEV_00167,owner,2025-12-30T00:27:53.838090
USR_0145,DEV_00100,user,2025-12-27T03:27:53.838095
USR_0145,DEV_00279,guest,2025-12-29T13:27:53.838099
USR_0145,DEV_00057,owner,2025-12-31T08:27:53.838103
USR_0145,DEV_00292,user,2026-01-02T03:27:53.838108
USR_0145,DEV_00153,owner,2025-12-31T03:27:53.838112
USR_0146,DEV_00119,guest,2025-12-29T08:27:53.838119
USR_0146,DEV_00025,owner,2025-12-30T10:27:53.838124
USR_0146,DEV_00209,guest,2025-12-29T18:27:53.838128
USR_0147,DEV_00278,owner,2025-12-30T17:27:53.838137
USR_0147,DEV_00154,guest,2025-12-26T22:27:53.838141
USR_0147,DEV_00228,user,2025-12-29T15:27:53.838146
USR_0147,DEV_00121,owner,2025-12-30T18:27:53.838150
USR_0147,DEV_00057,owner,2025-12-28T11:27:53.838154
USR_0148,DEV_00245,owner,2025-12-29T18:27:53.838168
USR_0148,DEV_00082,user,2026-01-01T14:27:53.838172
USR_0148,DEV_00195,guest,2026-01-01T19:27:53.838177
USR_0148,DEV_00247,guest,2026-01-02T14:27:53.838181
USR_0148,DEV_00016,user,2025-12-27T15:27:53.838186
USR_0148,DEV_00191,guest,2026-01-02T01:27:53.838190
USR_0148,DEV_00173,owner,2025-12-27T13:27:53.838194
USR_0148,DEV_00029,guest,2025-12-31T00:27:53.838199
USR_0148,DEV_00059,user,2025-12-26T21:27:53.838203
USR_0149,DEV_00164,guest,2025-12-26T21:27:53.838210
USR_0149,DEV_00247,guest,2025-12-30T18:27:53.838214
USR_0149,DEV_00096,owner,2026-01-02T16:27:53.838219
USR_0150,DEV_00071,guest,2025-12-29T14:27:53.838232
USR_0150,DEV_00172,user,2025-12-29T20:27:53.838239
USR_0150,DEV_00138,owner,2025-12-28T11:27:53.838244
USR_0150,DEV_00115,user,2026-01-02T07:27:53.838248
